[2026-09-08 11:25:49,898] INFO [Broker id=1] Transitioning 56 partition(s) to local followers. (state.change.logger)
[2026-09-08 11:25:49,945] INFO [Broker id=1] Creating new partition orders-retry-0 with topic id swXoXCahTqylgMW3Z5aEvA. (state.change.logger)
[2026-09-08 11:25:50,153] INFO [Broker id=1] Follower orders-retry-0 starts at leader epoch 11 from offset 2 with partition epoch 11 and high watermark 2. Current leader is -1. Previous leader Some(-1) and previous leader epoch was 11. (state.change.logger)
[2026-09-08 11:25:50,153] INFO [Broker id=1] Creating new partition __consumer_offsets-13 with topic id mMJ5VKPMQgK3n9Kw9bCx7w. (state.change.logger)
[2026-09-08 11:25:50,169] INFO [Broker id=1] Follower __consumer_offsets-13 starts at leader epoch 11 from offset 0 with partition epoch 11 and high watermark 0. Current leader is -1. Previous leader Some(-1) and previous leader epoch was 11. (state.change.logger)
[2026-09-08 11:25:50,169] INFO [Broker id=1] Creating new partition __consumer_offsets-46 with topic id mMJ5VKPMQgK3n9Kw9bCx7w. (state.change.logger)
[2026-09-08 11:25:50,169] INFO [Broker id=1] Follower __consumer_offsets-46 starts at leader epoch 11 from offset 0 with partition epoch 11 and high watermark 0. Current leader is -1. Previous leader Some(-1) and previous leader epoch was 11. (state.change.logger)
[2026-09-08 11:25:50,169] INFO [Broker id=1] Creating new partition __consumer_offsets-9 with topic id mMJ5VKPMQgK3n9Kw9bCx7w. (state.change.logger)
[2026-09-08 11:25:50,169] INFO [Broker id=1] Follower __consumer_offsets-9 starts at leader epoch 11 from offset 0 with partition epoch 11 and high watermark 0. Current leader is -1. Previous leader Some(-1) and previous leader epoch was 11. (state.change.logger)
[2026-09-08 11:25:50,183] INFO [Broker id=1] Creating new partition __consumer_offsets-42 with topic id mMJ5VKPMQgK3n9Kw9bCx7w. (state.change.logger)
[2026-09-08 11:25:50,184] INFO [Broker id=1] Follower __consumer_offsets-42 starts at leader epoch 11 from offset 0 with partition epoch 11 and high watermark 0. Current leader is -1. Previous leader Some(-1) and previous leader epoch was 11. (state.change.logger)
[2026-09-08 11:25:50,184] INFO [Broker id=1] Creating new partition __consumer_offsets-21 with topic id mMJ5VKPMQgK3n9Kw9bCx7w. (state.change.logger)
[2026-09-08 11:25:50,211] INFO [Broker id=1] Follower __consumer_offsets-21 starts at leader epoch 11 from offset 0 with partition epoch 11 and high watermark 0. Current leader is -1. Previous leader Some(-1) and previous leader epoch was 11. (state.change.logger)
[2026-09-08 11:25:50,211] INFO [Broker id=1] Creating new partition __consumer_offsets-17 with topic id mMJ5VKPMQgK3n9Kw9bCx7w. (state.change.logger)
[2026-09-08 11:25:50,211] INFO [Broker id=1] Follower __consumer_offsets-17 starts at leader epoch 11 from offset 13 with partition epoch 11 and high watermark 13. Current leader is -1. Previous leader Some(-1) and previous leader epoch was 11. (state.change.logger)
[2026-09-08 11:25:50,211] INFO [Broker id=1] Creating new partition __consumer_offsets-30 with topic id mMJ5VKPMQgK3n9Kw9bCx7w. (state.change.logger)
[2026-09-08 11:25:50,224] INFO [Broker id=1] Follower __consumer_offsets-30 starts at leader epoch 11 from offset 0 with partition epoch 11 and high watermark 0. Current leader is -1. Previous leader Some(-1) and previous leader epoch was 11. (state.change.logger)
[2026-09-08 11:25:50,224] INFO [Broker id=1] Creating new partition __consumer_offsets-26 with topic id mMJ5VKPMQgK3n9Kw9bCx7w. (state.change.logger)
[2026-09-08 11:25:50,230] INFO [Broker id=1] Follower __consumer_offsets-26 starts at leader epoch 11 from offset 0 with partition epoch 11 and high watermark 0. Current leader is -1. Previous leader Some(-1) and previous leader epoch was 11. (state.change.logger)
[2026-09-08 11:25:50,230] INFO [Broker id=1] Creating new partition __consumer_offsets-5 with topic id mMJ5VKPMQgK3n9Kw9bCx7w. (state.change.logger)
[2026-09-08 11:25:50,231] INFO [Broker id=1] Follower __consumer_offsets-5 starts at leader epoch 11 from offset 0 with partition epoch 11 and high watermark 0. Current leader is -1. Previous leader Some(-1) and previous leader epoch was 11. (state.change.logger)
[2026-09-08 11:25:50,231] INFO [Broker id=1] Creating new partition __consumer_offsets-38 with topic id mMJ5VKPMQgK3n9Kw9bCx7w. (state.change.logger)
[2026-09-08 11:25:50,231] INFO [Broker id=1] Follower __consumer_offsets-38 starts at leader epoch 11 from offset 0 with partition epoch 11 and high watermark 0. Current leader is -1. Previous leader Some(-1) and previous leader epoch was 11. (state.change.logger)
[2026-09-08 11:25:50,236] INFO [Broker id=1] Creating new partition __consumer_offsets-1 with topic id mMJ5VKPMQgK3n9Kw9bCx7w. (state.change.logger)
[2026-09-08 11:25:50,253] INFO [Broker id=1] Follower __consumer_offsets-1 starts at leader epoch 11 from offset 0 with partition epoch 11 and high watermark 0. Current leader is -1. Previous leader Some(-1) and previous leader epoch was 11. (state.change.logger)
[2026-09-08 11:25:50,253] INFO [Broker id=1] Creating new partition __consumer_offsets-34 with topic id mMJ5VKPMQgK3n9Kw9bCx7w. (state.change.logger)
[2026-09-08 11:25:50,258] INFO [Broker id=1] Follower __consumer_offsets-34 starts at leader epoch 11 from offset 0 with partition epoch 11 and high watermark 0. Current leader is -1. Previous leader Some(-1) and previous leader epoch was 11. (state.change.logger)
[2026-09-08 11:25:50,258] INFO [Broker id=1] Creating new partition __consumer_offsets-16 with topic id mMJ5VKPMQgK3n9Kw9bCx7w. (state.change.logger)
[2026-09-08 11:25:50,258] INFO [Broker id=1] Follower __consumer_offsets-16 starts at leader epoch 11 from offset 0 with partition epoch 11 and high watermark 0. Current leader is -1. Previous leader Some(-1) and previous leader epoch was 11. (state.change.logger)
[2026-09-08 11:25:50,258] INFO [Broker id=1] Creating new partition __consumer_offsets-45 with topic id mMJ5VKPMQgK3n9Kw9bCx7w. (state.change.logger)
[2026-09-08 11:25:50,262] INFO [Broker id=1] Follower __consumer_offsets-45 starts at leader epoch 11 from offset 0 with partition epoch 11 and high watermark 0. Current leader is -1. Previous leader Some(-1) and previous leader epoch was 11. (state.change.logger)
[2026-09-08 11:25:50,262] INFO [Broker id=1] Creating new partition __consumer_offsets-12 with topic id mMJ5VKPMQgK3n9Kw9bCx7w. (state.change.logger)
[2026-09-08 11:25:50,262] INFO [Broker id=1] Follower __consumer_offsets-12 starts at leader epoch 11 from offset 0 with partition epoch 11 and high watermark 0. Current leader is -1. Previous leader Some(-1) and previous leader epoch was 11. (state.change.logger)
[2026-09-08 11:25:50,262] INFO [Broker id=1] Creating new partition __consumer_offsets-41 with topic id mMJ5VKPMQgK3n9Kw9bCx7w. (state.change.logger)
[2026-09-08 11:25:50,262] INFO [Broker id=1] Follower __consumer_offsets-41 starts at leader epoch 11 from offset 0 with partition epoch 11 and high watermark 0. Current leader is -1. Previous leader Some(-1) and previous leader epoch was 11. (state.change.logger)
[2026-09-08 11:25:50,262] INFO [Broker id=1] Creating new partition __consumer_offsets-24 with topic id mMJ5VKPMQgK3n9Kw9bCx7w. (state.change.logger)
[2026-09-08 11:25:50,268] INFO [Broker id=1] Follower __consumer_offsets-24 starts at leader epoch 11 from offset 0 with partition epoch 11 and high watermark 0. Current leader is -1. Previous leader Some(-1) and previous leader epoch was 11. (state.change.logger)
[2026-09-08 11:25:50,268] INFO [Broker id=1] Creating new partition __consumer_offsets-20 with topic id mMJ5VKPMQgK3n9Kw9bCx7w. (state.change.logger)
[2026-09-08 11:25:50,268] INFO [Broker id=1] Follower __consumer_offsets-20 starts at leader epoch 11 from offset 0 with partition epoch 11 and high watermark 0. Current leader is -1. Previous leader Some(-1) and previous leader epoch was 11. (state.change.logger)
[2026-09-08 11:25:50,268] INFO [Broker id=1] Creating new partition __consumer_offsets-49 with topic id mMJ5VKPMQgK3n9Kw9bCx7w. (state.change.logger)
[2026-09-08 11:25:50,276] INFO [Broker id=1] Follower __consumer_offsets-49 starts at leader epoch 11 from offset 0 with partition epoch 11 and high watermark 0. Current leader is -1. Previous leader Some(-1) and previous leader epoch was 11. (state.change.logger)
[2026-09-08 11:25:50,276] INFO [Broker id=1] Creating new partition __consumer_offsets-0 with topic id mMJ5VKPMQgK3n9Kw9bCx7w. (state.change.logger)
[2026-09-08 11:25:50,280] INFO [Broker id=1] Follower __consumer_offsets-0 starts at leader epoch 11 from offset 0 with partition epoch 11 and high watermark 0. Current leader is -1. Previous leader Some(-1) and previous leader epoch was 11. (state.change.logger)
[2026-09-08 11:25:50,280] INFO [Broker id=1] Creating new partition __consumer_offsets-29 with topic id mMJ5VKPMQgK3n9Kw9bCx7w. (state.change.logger)
[2026-09-08 11:25:50,285] INFO [Broker id=1] Follower __consumer_offsets-29 starts at leader epoch 11 from offset 0 with partition epoch 11 and high watermark 0. Current leader is -1. Previous leader Some(-1) and previous leader epoch was 11. (state.change.logger)
[2026-09-08 11:25:50,285] INFO [Broker id=1] Creating new partition __consumer_offsets-25 with topic id mMJ5VKPMQgK3n9Kw9bCx7w. (state.change.logger)
[2026-09-08 11:25:50,285] INFO [Broker id=1] Follower __consumer_offsets-25 starts at leader epoch 11 from offset 0 with partition epoch 11 and high watermark 0. Current leader is -1. Previous leader Some(-1) and previous leader epoch was 11. (state.change.logger)
[2026-09-08 11:25:50,285] INFO [Broker id=1] Creating new partition __consumer_offsets-8 with topic id mMJ5VKPMQgK3n9Kw9bCx7w. (state.change.logger)
[2026-09-08 11:25:50,285] INFO [Broker id=1] Follower __consumer_offsets-8 starts at leader epoch 11 from offset 0 with partition epoch 11 and high watermark 0. Current leader is -1. Previous leader Some(-1) and previous leader epoch was 11. (state.change.logger)
[2026-09-08 11:25:50,285] INFO [Broker id=1] Creating new partition __consumer_offsets-37 with topic id mMJ5VKPMQgK3n9Kw9bCx7w. (state.change.logger)
[2026-09-08 11:25:50,293] INFO [Broker id=1] Follower __consumer_offsets-37 starts at leader epoch 11 from offset 0 with partition epoch 11 and high watermark 0. Current leader is -1. Previous leader Some(-1) and previous leader epoch was 11. (state.change.logger)
[2026-09-08 11:25:50,293] INFO [Broker id=1] Creating new partition order-status-events-2 with topic id vZ2RlAY7SBi8xzY_miMWlA. (state.change.logger)
[2026-09-08 11:25:50,293] INFO [Broker id=1] Follower order-status-events-2 starts at leader epoch 1 from offset 1 with partition epoch 1 and high watermark 1. Current leader is -1. Previous leader Some(-1) and previous leader epoch was 1. (state.change.logger)
[2026-09-08 11:25:50,293] INFO [Broker id=1] Creating new partition __consumer_offsets-4 with topic id mMJ5VKPMQgK3n9Kw9bCx7w. (state.change.logger)
[2026-09-08 11:25:50,293] INFO [Broker id=1] Follower __consumer_offsets-4 starts at leader epoch 11 from offset 0 with partition epoch 11 and high watermark 0. Current leader is -1. Previous leader Some(-1) and previous leader epoch was 11. (state.change.logger)
[2026-09-08 11:25:50,293] INFO [Broker id=1] Creating new partition __consumer_offsets-33 with topic id mMJ5VKPMQgK3n9Kw9bCx7w. (state.change.logger)
[2026-09-08 11:25:50,293] INFO [Broker id=1] Follower __consumer_offsets-33 starts at leader epoch 11 from offset 19 with partition epoch 11 and high watermark 19. Current leader is -1. Previous leader Some(-1) and previous leader epoch was 11. (state.change.logger)
[2026-09-08 11:25:50,293] INFO [Broker id=1] Creating new partition __consumer_offsets-15 with topic id mMJ5VKPMQgK3n9Kw9bCx7w. (state.change.logger)
[2026-09-08 11:25:50,293] INFO [Broker id=1] Follower __consumer_offsets-15 starts at leader epoch 11 from offset 0 with partition epoch 11 and high watermark 0. Current leader is -1. Previous leader Some(-1) and previous leader epoch was 11. (state.change.logger)
[2026-09-08 11:25:50,302] INFO [Broker id=1] Creating new partition __consumer_offsets-48 with topic id mMJ5VKPMQgK3n9Kw9bCx7w. (state.change.logger)
[2026-09-08 11:25:50,302] INFO [Broker id=1] Follower __consumer_offsets-48 starts at leader epoch 11 from offset 0 with partition epoch 11 and high watermark 0. Current leader is -1. Previous leader Some(-1) and previous leader epoch was 11. (state.change.logger)
[2026-09-08 11:25:50,302] INFO [Broker id=1] Creating new partition __consumer_offsets-11 with topic id mMJ5VKPMQgK3n9Kw9bCx7w. (state.change.logger)
[2026-09-08 11:25:50,302] INFO [Broker id=1] Follower __consumer_offsets-11 starts at leader epoch 11 from offset 0 with partition epoch 11 and high watermark 0. Current leader is -1. Previous leader Some(-1) and previous leader epoch was 11. (state.change.logger)
[2026-09-08 11:25:50,302] INFO [Broker id=1] Creating new partition __consumer_offsets-44 with topic id mMJ5VKPMQgK3n9Kw9bCx7w. (state.change.logger)
[2026-09-08 11:25:50,302] INFO [Broker id=1] Follower __consumer_offsets-44 starts at leader epoch 11 from offset 0 with partition epoch 11 and high watermark 0. Current leader is -1. Previous leader Some(-1) and previous leader epoch was 11. (state.change.logger)
[2026-09-08 11:25:50,302] INFO [Broker id=1] Creating new partition __consumer_offsets-23 with topic id mMJ5VKPMQgK3n9Kw9bCx7w. (state.change.logger)
[2026-09-08 11:25:50,302] INFO [Broker id=1] Follower __consumer_offsets-23 starts at leader epoch 11 from offset 0 with partition epoch 11 and high watermark 0. Current leader is -1. Previous leader Some(-1) and previous leader epoch was 11. (state.change.logger)
[2026-09-08 11:25:50,302] INFO [Broker id=1] Creating new partition __consumer_offsets-19 with topic id mMJ5VKPMQgK3n9Kw9bCx7w. (state.change.logger)
[2026-09-08 11:25:50,302] INFO [Broker id=1] Follower __consumer_offsets-19 starts at leader epoch 11 from offset 0 with partition epoch 11 and high watermark 0. Current leader is -1. Previous leader Some(-1) and previous leader epoch was 11. (state.change.logger)
[2026-09-08 11:25:50,302] INFO [Broker id=1] Creating new partition orders-dlq-0 with topic id 1B7cULfRSXC2ilBrs2bwbw. (state.change.logger)
[2026-09-08 11:25:50,302] INFO [Broker id=1] Follower orders-dlq-0 starts at leader epoch 5 from offset 2 with partition epoch 5 and high watermark 2. Current leader is -1. Previous leader Some(-1) and previous leader epoch was 5. (state.change.logger)
[2026-09-08 11:25:50,302] INFO [Broker id=1] Creating new partition __consumer_offsets-32 with topic id mMJ5VKPMQgK3n9Kw9bCx7w. (state.change.logger)
[2026-09-08 11:25:50,329] INFO [Broker id=1] Follower __consumer_offsets-32 starts at leader epoch 11 from offset 0 with partition epoch 11 and high watermark 0. Current leader is -1. Previous leader Some(-1) and previous leader epoch was 11. (state.change.logger)
[2026-09-08 11:25:50,329] INFO [Broker id=1] Creating new partition __consumer_offsets-28 with topic id mMJ5VKPMQgK3n9Kw9bCx7w. (state.change.logger)
[2026-09-08 11:25:50,333] INFO [Broker id=1] Follower __consumer_offsets-28 starts at leader epoch 11 from offset 0 with partition epoch 11 and high watermark 0. Current leader is -1. Previous leader Some(-1) and previous leader epoch was 11. (state.change.logger)
[2026-09-08 11:25:50,333] INFO [Broker id=1] Creating new partition __consumer_offsets-7 with topic id mMJ5VKPMQgK3n9Kw9bCx7w. (state.change.logger)
[2026-09-08 11:25:50,333] INFO [Broker id=1] Follower __consumer_offsets-7 starts at leader epoch 11 from offset 3 with partition epoch 11 and high watermark 3. Current leader is -1. Previous leader Some(-1) and previous leader epoch was 11. (state.change.logger)
[2026-09-08 11:25:50,333] INFO [Broker id=1] Creating new partition __consumer_offsets-40 with topic id mMJ5VKPMQgK3n9Kw9bCx7w. (state.change.logger)
[2026-09-08 11:25:50,333] INFO [Broker id=1] Follower __consumer_offsets-40 starts at leader epoch 11 from offset 0 with partition epoch 11 and high watermark 0. Current leader is -1. Previous leader Some(-1) and previous leader epoch was 11. (state.change.logger)
[2026-09-08 11:25:50,333] INFO [Broker id=1] Creating new partition __consumer_offsets-3 with topic id mMJ5VKPMQgK3n9Kw9bCx7w. (state.change.logger)
[2026-09-08 11:25:50,343] INFO [Broker id=1] Follower __consumer_offsets-3 starts at leader epoch 11 from offset 0 with partition epoch 11 and high watermark 0. Current leader is -1. Previous leader Some(-1) and previous leader epoch was 11. (state.change.logger)
[2026-09-08 11:25:50,343] INFO [Broker id=1] Creating new partition order-status-events-1 with topic id vZ2RlAY7SBi8xzY_miMWlA. (state.change.logger)
[2026-09-08 11:25:50,343] INFO [Broker id=1] Follower order-status-events-1 starts at leader epoch 1 from offset 1 with partition epoch 1 and high watermark 1. Current leader is -1. Previous leader Some(-1) and previous leader epoch was 1. (state.change.logger)
[2026-09-08 11:25:50,343] INFO [Broker id=1] Creating new partition __consumer_offsets-36 with topic id mMJ5VKPMQgK3n9Kw9bCx7w. (state.change.logger)
[2026-09-08 11:25:50,343] INFO [Broker id=1] Follower __consumer_offsets-36 starts at leader epoch 11 from offset 13 with partition epoch 11 and high watermark 13. Current leader is -1. Previous leader Some(-1) and previous leader epoch was 11. (state.change.logger)
[2026-09-08 11:25:50,343] INFO [Broker id=1] Creating new partition __consumer_offsets-47 with topic id mMJ5VKPMQgK3n9Kw9bCx7w. (state.change.logger)
[2026-09-08 11:25:50,343] INFO [Broker id=1] Follower __consumer_offsets-47 starts at leader epoch 11 from offset 0 with partition epoch 11 and high watermark 0. Current leader is -1. Previous leader Some(-1) and previous leader epoch was 11. (state.change.logger)
[2026-09-08 11:25:50,343] INFO [Broker id=1] Creating new partition __consumer_offsets-14 with topic id mMJ5VKPMQgK3n9Kw9bCx7w. (state.change.logger)
[2026-09-08 11:25:50,347] INFO [Broker id=1] Follower __consumer_offsets-14 starts at leader epoch 11 from offset 0 with partition epoch 11 and high watermark 0. Current leader is -1. Previous leader Some(-1) and previous leader epoch was 11. (state.change.logger)
[2026-09-08 11:25:50,347] INFO [Broker id=1] Creating new partition __consumer_offsets-43 with topic id mMJ5VKPMQgK3n9Kw9bCx7w. (state.change.logger)
[2026-09-08 11:25:50,347] INFO [Broker id=1] Follower __consumer_offsets-43 starts at leader epoch 11 from offset 0 with partition epoch 11 and high watermark 0. Current leader is -1. Previous leader Some(-1) and previous leader epoch was 11. (state.change.logger)
[2026-09-08 11:25:50,347] INFO [Broker id=1] Creating new partition __consumer_offsets-10 with topic id mMJ5VKPMQgK3n9Kw9bCx7w. (state.change.logger)
[2026-09-08 11:25:50,347] INFO [Broker id=1] Follower __consumer_offsets-10 starts at leader epoch 11 from offset 0 with partition epoch 11 and high watermark 0. Current leader is -1. Previous leader Some(-1) and previous leader epoch was 11. (state.change.logger)
[2026-09-08 11:25:50,347] INFO [Broker id=1] Creating new partition __consumer_offsets-22 with topic id mMJ5VKPMQgK3n9Kw9bCx7w. (state.change.logger)
[2026-09-08 11:25:50,347] INFO [Broker id=1] Follower __consumer_offsets-22 starts at leader epoch 11 from offset 0 with partition epoch 11 and high watermark 0. Current leader is -1. Previous leader Some(-1) and previous leader epoch was 11. (state.change.logger)
[2026-09-08 11:25:50,347] INFO [Broker id=1] Creating new partition __consumer_offsets-18 with topic id mMJ5VKPMQgK3n9Kw9bCx7w. (state.change.logger)
[2026-09-08 11:25:50,347] INFO [Broker id=1] Follower __consumer_offsets-18 starts at leader epoch 11 from offset 0 with partition epoch 11 and high watermark 0. Current leader is -1. Previous leader Some(-1) and previous leader epoch was 11. (state.change.logger)
[2026-09-08 11:25:50,347] INFO [Broker id=1] Creating new partition __consumer_offsets-31 with topic id mMJ5VKPMQgK3n9Kw9bCx7w. (state.change.logger)
[2026-09-08 11:25:50,347] INFO [Broker id=1] Follower __consumer_offsets-31 starts at leader epoch 11 from offset 0 with partition epoch 11 and high watermark 0. Current leader is -1. Previous leader Some(-1) and previous leader epoch was 11. (state.change.logger)
[2026-09-08 11:25:50,347] INFO [Broker id=1] Creating new partition __consumer_offsets-27 with topic id mMJ5VKPMQgK3n9Kw9bCx7w. (state.change.logger)
[2026-09-08 11:25:50,347] INFO [Broker id=1] Follower __consumer_offsets-27 starts at leader epoch 11 from offset 0 with partition epoch 11 and high watermark 0. Current leader is -1. Previous leader Some(-1) and previous leader epoch was 11. (state.change.logger)
[2026-09-08 11:25:50,347] INFO [Broker id=1] Creating new partition __consumer_offsets-39 with topic id mMJ5VKPMQgK3n9Kw9bCx7w. (state.change.logger)
[2026-09-08 11:25:50,347] INFO [Broker id=1] Follower __consumer_offsets-39 starts at leader epoch 11 from offset 0 with partition epoch 11 and high watermark 0. Current leader is -1. Previous leader Some(-1) and previous leader epoch was 11. (state.change.logger)
[2026-09-08 11:25:50,347] INFO [Broker id=1] Creating new partition orders-0 with topic id 4naZpe35RDmnixEfXdv6xg. (state.change.logger)
[2026-09-08 11:25:50,347] INFO [Broker id=1] Follower orders-0 starts at leader epoch 11 from offset 7 with partition epoch 11 and high watermark 7. Current leader is -1. Previous leader Some(-1) and previous leader epoch was 11. (state.change.logger)
[2026-09-08 11:25:50,347] INFO [Broker id=1] Creating new partition __consumer_offsets-6 with topic id mMJ5VKPMQgK3n9Kw9bCx7w. (state.change.logger)
[2026-09-08 11:25:50,362] INFO [Broker id=1] Follower __consumer_offsets-6 starts at leader epoch 11 from offset 0 with partition epoch 11 and high watermark 0. Current leader is -1. Previous leader Some(-1) and previous leader epoch was 11. (state.change.logger)
[2026-09-08 11:25:50,362] INFO [Broker id=1] Creating new partition __consumer_offsets-35 with topic id mMJ5VKPMQgK3n9Kw9bCx7w. (state.change.logger)
[2026-09-08 11:25:50,362] INFO [Broker id=1] Follower __consumer_offsets-35 starts at leader epoch 11 from offset 0 with partition epoch 11 and high watermark 0. Current leader is -1. Previous leader Some(-1) and previous leader epoch was 11. (state.change.logger)
[2026-09-08 11:25:50,362] INFO [Broker id=1] Creating new partition order-status-events-0 with topic id vZ2RlAY7SBi8xzY_miMWlA. (state.change.logger)
[2026-09-08 11:25:50,362] INFO [Broker id=1] Follower order-status-events-0 starts at leader epoch 1 from offset 1 with partition epoch 1 and high watermark 1. Current leader is -1. Previous leader Some(-1) and previous leader epoch was 1. (state.change.logger)
[2026-09-08 11:25:50,362] INFO [Broker id=1] Creating new partition __consumer_offsets-2 with topic id mMJ5VKPMQgK3n9Kw9bCx7w. (state.change.logger)
[2026-09-08 11:25:50,362] INFO [Broker id=1] Follower __consumer_offsets-2 starts at leader epoch 11 from offset 0 with partition epoch 11 and high watermark 0. Current leader is -1. Previous leader Some(-1) and previous leader epoch was 11. (state.change.logger)
[2026-09-08 11:25:50,369] INFO [Broker id=1] Stopped fetchers as part of become-follower for 56 partitions (state.change.logger)
[2026-09-08 11:25:50,374] INFO [Broker id=1] Started fetchers as part of become-follower for 56 partitions (state.change.logger)
[2026-09-08 11:25:50,587] INFO [Broker id=1] Transitioning 56 partition(s) to local leaders. (state.change.logger)
[2026-09-08 11:25:50,603] INFO [Broker id=1] Leader orders-retry-0 with topic id Some(swXoXCahTqylgMW3Z5aEvA) starts at leader epoch 12 from offset 2 with partition epoch 12, high watermark 2, ISR [1], adding replicas [] and removing replicas [] . Previous leader Some(-1) and previous leader epoch was 11. (state.change.logger)
[2026-09-08 11:25:50,616] INFO [Broker id=1] Leader __consumer_offsets-13 with topic id Some(mMJ5VKPMQgK3n9Kw9bCx7w) starts at leader epoch 12 from offset 0 with partition epoch 12, high watermark 0, ISR [1], adding replicas [] and removing replicas [] . Previous leader Some(-1) and previous leader epoch was 11. (state.change.logger)
[2026-09-08 11:25:50,616] INFO [Broker id=1] Leader __consumer_offsets-46 with topic id Some(mMJ5VKPMQgK3n9Kw9bCx7w) starts at leader epoch 12 from offset 0 with partition epoch 12, high watermark 0, ISR [1], adding replicas [] and removing replicas [] . Previous leader Some(-1) and previous leader epoch was 11. (state.change.logger)
[2026-09-08 11:25:50,632] INFO [Broker id=1] Leader __consumer_offsets-9 with topic id Some(mMJ5VKPMQgK3n9Kw9bCx7w) starts at leader epoch 12 from offset 0 with partition epoch 12, high watermark 0, ISR [1], adding replicas [] and removing replicas [] . Previous leader Some(-1) and previous leader epoch was 11. (state.change.logger)
[2026-09-08 11:25:50,642] INFO [Broker id=1] Leader __consumer_offsets-42 with topic id Some(mMJ5VKPMQgK3n9Kw9bCx7w) starts at leader epoch 12 from offset 0 with partition epoch 12, high watermark 0, ISR [1], adding replicas [] and removing replicas [] . Previous leader Some(-1) and previous leader epoch was 11. (state.change.logger)
[2026-09-08 11:25:50,646] INFO [Broker id=1] Leader __consumer_offsets-21 with topic id Some(mMJ5VKPMQgK3n9Kw9bCx7w) starts at leader epoch 12 from offset 0 with partition epoch 12, high watermark 0, ISR [1], adding replicas [] and removing replicas [] . Previous leader Some(-1) and previous leader epoch was 11. (state.change.logger)
[2026-09-08 11:25:50,656] INFO [Broker id=1] Leader __consumer_offsets-17 with topic id Some(mMJ5VKPMQgK3n9Kw9bCx7w) starts at leader epoch 12 from offset 13 with partition epoch 12, high watermark 13, ISR [1], adding replicas [] and removing replicas [] . Previous leader Some(-1) and previous leader epoch was 11. (state.change.logger)
[2026-09-08 11:25:50,656] INFO [Broker id=1] Leader __consumer_offsets-30 with topic id Some(mMJ5VKPMQgK3n9Kw9bCx7w) starts at leader epoch 12 from offset 0 with partition epoch 12, high watermark 0, ISR [1], adding replicas [] and removing replicas [] . Previous leader Some(-1) and previous leader epoch was 11. (state.change.logger)
[2026-09-08 11:25:50,672] INFO [Broker id=1] Leader __consumer_offsets-26 with topic id Some(mMJ5VKPMQgK3n9Kw9bCx7w) starts at leader epoch 12 from offset 0 with partition epoch 12, high watermark 0, ISR [1], adding replicas [] and removing replicas [] . Previous leader Some(-1) and previous leader epoch was 11. (state.change.logger)
[2026-09-08 11:25:50,681] INFO [Broker id=1] Leader __consumer_offsets-5 with topic id Some(mMJ5VKPMQgK3n9Kw9bCx7w) starts at leader epoch 12 from offset 0 with partition epoch 12, high watermark 0, ISR [1], adding replicas [] and removing replicas [] . Previous leader Some(-1) and previous leader epoch was 11. (state.change.logger)
[2026-09-08 11:25:50,689] INFO [Broker id=1] Leader __consumer_offsets-38 with topic id Some(mMJ5VKPMQgK3n9Kw9bCx7w) starts at leader epoch 12 from offset 0 with partition epoch 12, high watermark 0, ISR [1], adding replicas [] and removing replicas [] . Previous leader Some(-1) and previous leader epoch was 11. (state.change.logger)
[2026-09-08 11:25:50,693] INFO [Broker id=1] Leader __consumer_offsets-1 with topic id Some(mMJ5VKPMQgK3n9Kw9bCx7w) starts at leader epoch 12 from offset 0 with partition epoch 12, high watermark 0, ISR [1], adding replicas [] and removing replicas [] . Previous leader Some(-1) and previous leader epoch was 11. (state.change.logger)
[2026-09-08 11:25:50,703] INFO [Broker id=1] Leader __consumer_offsets-34 with topic id Some(mMJ5VKPMQgK3n9Kw9bCx7w) starts at leader epoch 12 from offset 0 with partition epoch 12, high watermark 0, ISR [1], adding replicas [] and removing replicas [] . Previous leader Some(-1) and previous leader epoch was 11. (state.change.logger)
[2026-09-08 11:25:50,719] INFO [Broker id=1] Leader __consumer_offsets-16 with topic id Some(mMJ5VKPMQgK3n9Kw9bCx7w) starts at leader epoch 12 from offset 0 with partition epoch 12, high watermark 0, ISR [1], adding replicas [] and removing replicas [] . Previous leader Some(-1) and previous leader epoch was 11. (state.change.logger)
[2026-09-08 11:25:50,723] INFO [Broker id=1] Leader __consumer_offsets-45 with topic id Some(mMJ5VKPMQgK3n9Kw9bCx7w) starts at leader epoch 12 from offset 0 with partition epoch 12, high watermark 0, ISR [1], adding replicas [] and removing replicas [] . Previous leader Some(-1) and previous leader epoch was 11. (state.change.logger)
[2026-09-08 11:25:50,733] INFO [Broker id=1] Leader __consumer_offsets-12 with topic id Some(mMJ5VKPMQgK3n9Kw9bCx7w) starts at leader epoch 12 from offset 0 with partition epoch 12, high watermark 0, ISR [1], adding replicas [] and removing replicas [] . Previous leader Some(-1) and previous leader epoch was 11. (state.change.logger)
[2026-09-08 11:25:50,733] INFO [Broker id=1] Leader __consumer_offsets-41 with topic id Some(mMJ5VKPMQgK3n9Kw9bCx7w) starts at leader epoch 12 from offset 0 with partition epoch 12, high watermark 0, ISR [1], adding replicas [] and removing replicas [] . Previous leader Some(-1) and previous leader epoch was 11. (state.change.logger)
[2026-09-08 11:25:50,733] INFO [Broker id=1] Leader __consumer_offsets-24 with topic id Some(mMJ5VKPMQgK3n9Kw9bCx7w) starts at leader epoch 12 from offset 0 with partition epoch 12, high watermark 0, ISR [1], adding replicas [] and removing replicas [] . Previous leader Some(-1) and previous leader epoch was 11. (state.change.logger)
[2026-09-08 11:25:50,749] INFO [Broker id=1] Leader __consumer_offsets-20 with topic id Some(mMJ5VKPMQgK3n9Kw9bCx7w) starts at leader epoch 12 from offset 0 with partition epoch 12, high watermark 0, ISR [1], adding replicas [] and removing replicas [] . Previous leader Some(-1) and previous leader epoch was 11. (state.change.logger)
[2026-09-08 11:25:50,756] INFO [Broker id=1] Leader __consumer_offsets-49 with topic id Some(mMJ5VKPMQgK3n9Kw9bCx7w) starts at leader epoch 12 from offset 0 with partition epoch 12, high watermark 0, ISR [1], adding replicas [] and removing replicas [] . Previous leader Some(-1) and previous leader epoch was 11. (state.change.logger)
[2026-09-08 11:25:50,760] INFO [Broker id=1] Leader __consumer_offsets-0 with topic id Some(mMJ5VKPMQgK3n9Kw9bCx7w) starts at leader epoch 12 from offset 0 with partition epoch 12, high watermark 0, ISR [1], adding replicas [] and removing replicas [] . Previous leader Some(-1) and previous leader epoch was 11. (state.change.logger)
[2026-09-08 11:25:50,760] INFO [Broker id=1] Leader __consumer_offsets-29 with topic id Some(mMJ5VKPMQgK3n9Kw9bCx7w) starts at leader epoch 12 from offset 0 with partition epoch 12, high watermark 0, ISR [1], adding replicas [] and removing replicas [] . Previous leader Some(-1) and previous leader epoch was 11. (state.change.logger)
[2026-09-08 11:25:50,775] INFO [Broker id=1] Leader __consumer_offsets-25 with topic id Some(mMJ5VKPMQgK3n9Kw9bCx7w) starts at leader epoch 12 from offset 0 with partition epoch 12, high watermark 0, ISR [1], adding replicas [] and removing replicas [] . Previous leader Some(-1) and previous leader epoch was 11. (state.change.logger)
[2026-09-08 11:25:50,775] INFO [Broker id=1] Leader __consumer_offsets-8 with topic id Some(mMJ5VKPMQgK3n9Kw9bCx7w) starts at leader epoch 12 from offset 0 with partition epoch 12, high watermark 0, ISR [1], adding replicas [] and removing replicas [] . Previous leader Some(-1) and previous leader epoch was 11. (state.change.logger)
[2026-09-08 11:25:50,775] INFO [Broker id=1] Leader __consumer_offsets-37 with topic id Some(mMJ5VKPMQgK3n9Kw9bCx7w) starts at leader epoch 12 from offset 0 with partition epoch 12, high watermark 0, ISR [1], adding replicas [] and removing replicas [] . Previous leader Some(-1) and previous leader epoch was 11. (state.change.logger)
[2026-09-08 11:25:50,793] INFO [Broker id=1] Leader order-status-events-2 with topic id Some(vZ2RlAY7SBi8xzY_miMWlA) starts at leader epoch 2 from offset 1 with partition epoch 2, high watermark 1, ISR [1], adding replicas [] and removing replicas [] . Previous leader Some(-1) and previous leader epoch was 1. (state.change.logger)
[2026-09-08 11:25:50,794] INFO [Broker id=1] Leader __consumer_offsets-4 with topic id Some(mMJ5VKPMQgK3n9Kw9bCx7w) starts at leader epoch 12 from offset 0 with partition epoch 12, high watermark 0, ISR [1], adding replicas [] and removing replicas [] . Previous leader Some(-1) and previous leader epoch was 11. (state.change.logger)
[2026-09-08 11:25:50,804] INFO [Broker id=1] Leader __consumer_offsets-33 with topic id Some(mMJ5VKPMQgK3n9Kw9bCx7w) starts at leader epoch 12 from offset 19 with partition epoch 12, high watermark 19, ISR [1], adding replicas [] and removing replicas [] . Previous leader Some(-1) and previous leader epoch was 11. (state.change.logger)
[2026-09-08 11:25:50,808] INFO [Broker id=1] Leader __consumer_offsets-15 with topic id Some(mMJ5VKPMQgK3n9Kw9bCx7w) starts at leader epoch 12 from offset 0 with partition epoch 12, high watermark 0, ISR [1], adding replicas [] and removing replicas [] . Previous leader Some(-1) and previous leader epoch was 11. (state.change.logger)
[2026-09-08 11:25:50,818] INFO [Broker id=1] Leader __consumer_offsets-48 with topic id Some(mMJ5VKPMQgK3n9Kw9bCx7w) starts at leader epoch 12 from offset 0 with partition epoch 12, high watermark 0, ISR [1], adding replicas [] and removing replicas [] . Previous leader Some(-1) and previous leader epoch was 11. (state.change.logger)
[2026-09-08 11:25:50,821] INFO [Broker id=1] Leader __consumer_offsets-11 with topic id Some(mMJ5VKPMQgK3n9Kw9bCx7w) starts at leader epoch 12 from offset 0 with partition epoch 12, high watermark 0, ISR [1], adding replicas [] and removing replicas [] . Previous leader Some(-1) and previous leader epoch was 11. (state.change.logger)
[2026-09-08 11:25:50,821] INFO [Broker id=1] Leader __consumer_offsets-44 with topic id Some(mMJ5VKPMQgK3n9Kw9bCx7w) starts at leader epoch 12 from offset 0 with partition epoch 12, high watermark 0, ISR [1], adding replicas [] and removing replicas [] . Previous leader Some(-1) and previous leader epoch was 11. (state.change.logger)
[2026-09-08 11:25:50,831] INFO [Broker id=1] Leader __consumer_offsets-23 with topic id Some(mMJ5VKPMQgK3n9Kw9bCx7w) starts at leader epoch 12 from offset 0 with partition epoch 12, high watermark 0, ISR [1], adding replicas [] and removing replicas [] . Previous leader Some(-1) and previous leader epoch was 11. (state.change.logger)
[2026-09-08 11:25:50,831] INFO [Broker id=1] Leader __consumer_offsets-19 with topic id Some(mMJ5VKPMQgK3n9Kw9bCx7w) starts at leader epoch 12 from offset 0 with partition epoch 12, high watermark 0, ISR [1], adding replicas [] and removing replicas [] . Previous leader Some(-1) and previous leader epoch was 11. (state.change.logger)
[2026-09-08 11:25:50,842] INFO [Broker id=1] Leader orders-dlq-0 with topic id Some(1B7cULfRSXC2ilBrs2bwbw) starts at leader epoch 6 from offset 2 with partition epoch 6, high watermark 2, ISR [1], adding replicas [] and removing replicas [] . Previous leader Some(-1) and previous leader epoch was 5. (state.change.logger)
[2026-09-08 11:25:50,847] INFO [Broker id=1] Leader __consumer_offsets-32 with topic id Some(mMJ5VKPMQgK3n9Kw9bCx7w) starts at leader epoch 12 from offset 0 with partition epoch 12, high watermark 0, ISR [1], adding replicas [] and removing replicas [] . Previous leader Some(-1) and previous leader epoch was 11. (state.change.logger)
[2026-09-08 11:25:50,857] INFO [Broker id=1] Leader __consumer_offsets-28 with topic id Some(mMJ5VKPMQgK3n9Kw9bCx7w) starts at leader epoch 12 from offset 0 with partition epoch 12, high watermark 0, ISR [1], adding replicas [] and removing replicas [] . Previous leader Some(-1) and previous leader epoch was 11. (state.change.logger)
[2026-09-08 11:25:50,857] INFO [Broker id=1] Leader __consumer_offsets-7 with topic id Some(mMJ5VKPMQgK3n9Kw9bCx7w) starts at leader epoch 12 from offset 3 with partition epoch 12, high watermark 3, ISR [1], adding replicas [] and removing replicas [] . Previous leader Some(-1) and previous leader epoch was 11. (state.change.logger)
[2026-09-08 11:25:50,857] INFO [Broker id=1] Leader __consumer_offsets-40 with topic id Some(mMJ5VKPMQgK3n9Kw9bCx7w) starts at leader epoch 12 from offset 0 with partition epoch 12, high watermark 0, ISR [1], adding replicas [] and removing replicas [] . Previous leader Some(-1) and previous leader epoch was 11. (state.change.logger)
[2026-09-08 11:25:50,857] INFO [Broker id=1] Leader __consumer_offsets-3 with topic id Some(mMJ5VKPMQgK3n9Kw9bCx7w) starts at leader epoch 12 from offset 0 with partition epoch 12, high watermark 0, ISR [1], adding replicas [] and removing replicas [] . Previous leader Some(-1) and previous leader epoch was 11. (state.change.logger)
[2026-09-08 11:25:50,873] INFO [Broker id=1] Leader order-status-events-1 with topic id Some(vZ2RlAY7SBi8xzY_miMWlA) starts at leader epoch 2 from offset 1 with partition epoch 2, high watermark 1, ISR [1], adding replicas [] and removing replicas [] . Previous leader Some(-1) and previous leader epoch was 1. (state.change.logger)
[2026-09-08 11:25:50,873] INFO [Broker id=1] Leader __consumer_offsets-36 with topic id Some(mMJ5VKPMQgK3n9Kw9bCx7w) starts at leader epoch 12 from offset 13 with partition epoch 12, high watermark 13, ISR [1], adding replicas [] and removing replicas [] . Previous leader Some(-1) and previous leader epoch was 11. (state.change.logger)
[2026-09-08 11:25:50,889] INFO [Broker id=1] Leader __consumer_offsets-47 with topic id Some(mMJ5VKPMQgK3n9Kw9bCx7w) starts at leader epoch 12 from offset 0 with partition epoch 12, high watermark 0, ISR [1], adding replicas [] and removing replicas [] . Previous leader Some(-1) and previous leader epoch was 11. (state.change.logger)
[2026-09-08 11:25:50,894] INFO [Broker id=1] Leader __consumer_offsets-14 with topic id Some(mMJ5VKPMQgK3n9Kw9bCx7w) starts at leader epoch 12 from offset 0 with partition epoch 12, high watermark 0, ISR [1], adding replicas [] and removing replicas [] . Previous leader Some(-1) and previous leader epoch was 11. (state.change.logger)
[2026-09-08 11:25:50,894] INFO [Broker id=1] Leader __consumer_offsets-43 with topic id Some(mMJ5VKPMQgK3n9Kw9bCx7w) starts at leader epoch 12 from offset 0 with partition epoch 12, high watermark 0, ISR [1], adding replicas [] and removing replicas [] . Previous leader Some(-1) and previous leader epoch was 11. (state.change.logger)
[2026-09-08 11:25:50,894] INFO [Broker id=1] Leader __consumer_offsets-10 with topic id Some(mMJ5VKPMQgK3n9Kw9bCx7w) starts at leader epoch 12 from offset 0 with partition epoch 12, high watermark 0, ISR [1], adding replicas [] and removing replicas [] . Previous leader Some(-1) and previous leader epoch was 11. (state.change.logger)
[2026-09-08 11:25:50,912] INFO [Broker id=1] Leader __consumer_offsets-22 with topic id Some(mMJ5VKPMQgK3n9Kw9bCx7w) starts at leader epoch 12 from offset 0 with partition epoch 12, high watermark 0, ISR [1], adding replicas [] and removing replicas [] . Previous leader Some(-1) and previous leader epoch was 11. (state.change.logger)
[2026-09-08 11:25:50,912] INFO [Broker id=1] Leader __consumer_offsets-18 with topic id Some(mMJ5VKPMQgK3n9Kw9bCx7w) starts at leader epoch 12 from offset 0 with partition epoch 12, high watermark 0, ISR [1], adding replicas [] and removing replicas [] . Previous leader Some(-1) and previous leader epoch was 11. (state.change.logger)
[2026-09-08 11:25:50,920] INFO [Broker id=1] Leader __consumer_offsets-31 with topic id Some(mMJ5VKPMQgK3n9Kw9bCx7w) starts at leader epoch 12 from offset 0 with partition epoch 12, high watermark 0, ISR [1], adding replicas [] and removing replicas [] . Previous leader Some(-1) and previous leader epoch was 11. (state.change.logger)
[2026-09-08 11:25:50,920] INFO [Broker id=1] Leader __consumer_offsets-27 with topic id Some(mMJ5VKPMQgK3n9Kw9bCx7w) starts at leader epoch 12 from offset 0 with partition epoch 12, high watermark 0, ISR [1], adding replicas [] and removing replicas [] . Previous leader Some(-1) and previous leader epoch was 11. (state.change.logger)
[2026-09-08 11:25:50,920] INFO [Broker id=1] Leader __consumer_offsets-39 with topic id Some(mMJ5VKPMQgK3n9Kw9bCx7w) starts at leader epoch 12 from offset 0 with partition epoch 12, high watermark 0, ISR [1], adding replicas [] and removing replicas [] . Previous leader Some(-1) and previous leader epoch was 11. (state.change.logger)
[2026-09-08 11:25:50,936] INFO [Broker id=1] Leader orders-0 with topic id Some(4naZpe35RDmnixEfXdv6xg) starts at leader epoch 12 from offset 7 with partition epoch 12, high watermark 7, ISR [1], adding replicas [] and removing replicas [] . Previous leader Some(-1) and previous leader epoch was 11. (state.change.logger)
[2026-09-08 11:25:50,943] INFO [Broker id=1] Leader __consumer_offsets-6 with topic id Some(mMJ5VKPMQgK3n9Kw9bCx7w) starts at leader epoch 12 from offset 0 with partition epoch 12, high watermark 0, ISR [1], adding replicas [] and removing replicas [] . Previous leader Some(-1) and previous leader epoch was 11. (state.change.logger)
[2026-09-08 11:25:50,943] INFO [Broker id=1] Leader __consumer_offsets-35 with topic id Some(mMJ5VKPMQgK3n9Kw9bCx7w) starts at leader epoch 12 from offset 0 with partition epoch 12, high watermark 0, ISR [1], adding replicas [] and removing replicas [] . Previous leader Some(-1) and previous leader epoch was 11. (state.change.logger)
[2026-09-08 11:25:50,959] INFO [Broker id=1] Leader order-status-events-0 with topic id Some(vZ2RlAY7SBi8xzY_miMWlA) starts at leader epoch 2 from offset 1 with partition epoch 2, high watermark 1, ISR [1], adding replicas [] and removing replicas [] . Previous leader Some(-1) and previous leader epoch was 1. (state.change.logger)
[2026-09-08 11:25:50,959] INFO [Broker id=1] Leader __consumer_offsets-2 with topic id Some(mMJ5VKPMQgK3n9Kw9bCx7w) starts at leader epoch 12 from offset 0 with partition epoch 12, high watermark 0, ISR [1], adding replicas [] and removing replicas [] . Previous leader Some(-1) and previous leader epoch was 11. (state.change.logger)
[2026-09-08 11:33:31,562] INFO [Broker id=1] Transitioning 3 partition(s) to local leaders. (state.change.logger)
[2026-09-08 11:33:31,567] INFO [Broker id=1] Creating new partition orders-0 with topic id L_v_dTQdQ2ixr-Vvz7AlVA. (state.change.logger)
[2026-09-08 11:33:31,690] INFO [Broker id=1] Leader orders-0 with topic id Some(L_v_dTQdQ2ixr-Vvz7AlVA) starts at leader epoch 0 from offset 0 with partition epoch 0, high watermark 0, ISR [1], adding replicas [] and removing replicas [] . Previous leader None and previous leader epoch was -1. (state.change.logger)
[2026-09-08 11:33:31,706] INFO [Broker id=1] Creating new partition orders-1 with topic id L_v_dTQdQ2ixr-Vvz7AlVA. (state.change.logger)
[2026-09-08 11:33:31,737] INFO [Broker id=1] Leader orders-1 with topic id Some(L_v_dTQdQ2ixr-Vvz7AlVA) starts at leader epoch 0 from offset 0 with partition epoch 0, high watermark 0, ISR [1], adding replicas [] and removing replicas [] . Previous leader None and previous leader epoch was -1. (state.change.logger)
[2026-09-08 11:33:31,737] INFO [Broker id=1] Creating new partition orders-2 with topic id L_v_dTQdQ2ixr-Vvz7AlVA. (state.change.logger)
[2026-09-08 11:33:31,751] INFO [Broker id=1] Leader orders-2 with topic id Some(L_v_dTQdQ2ixr-Vvz7AlVA) starts at leader epoch 0 from offset 0 with partition epoch 0, high watermark 0, ISR [1], adding replicas [] and removing replicas [] . Previous leader None and previous leader epoch was -1. (state.change.logger)
[2026-09-08 11:34:26,659] INFO [Broker id=1] Transitioning 3 partition(s) to local leaders. (state.change.logger)
[2026-09-08 11:34:26,659] INFO [Broker id=1] Creating new partition orders-retry-0 with topic id XeQcHnt3QOmNqNST8puAsw. (state.change.logger)
[2026-09-08 11:34:26,701] INFO [Broker id=1] Leader orders-retry-0 with topic id Some(XeQcHnt3QOmNqNST8puAsw) starts at leader epoch 0 from offset 0 with partition epoch 0, high watermark 0, ISR [1], adding replicas [] and removing replicas [] . Previous leader None and previous leader epoch was -1. (state.change.logger)
[2026-09-08 11:34:26,701] INFO [Broker id=1] Creating new partition orders-retry-1 with topic id XeQcHnt3QOmNqNST8puAsw. (state.change.logger)
[2026-09-08 11:34:26,711] INFO [Broker id=1] Leader orders-retry-1 with topic id Some(XeQcHnt3QOmNqNST8puAsw) starts at leader epoch 0 from offset 0 with partition epoch 0, high watermark 0, ISR [1], adding replicas [] and removing replicas [] . Previous leader None and previous leader epoch was -1. (state.change.logger)
[2026-09-08 11:34:26,727] INFO [Broker id=1] Creating new partition orders-retry-2 with topic id XeQcHnt3QOmNqNST8puAsw. (state.change.logger)
[2026-09-08 11:34:26,741] INFO [Broker id=1] Leader orders-retry-2 with topic id Some(XeQcHnt3QOmNqNST8puAsw) starts at leader epoch 0 from offset 0 with partition epoch 0, high watermark 0, ISR [1], adding replicas [] and removing replicas [] . Previous leader None and previous leader epoch was -1. (state.change.logger)
[2026-09-08 11:34:49,899] INFO [Broker id=1] Transitioning 3 partition(s) to local leaders. (state.change.logger)
[2026-09-08 11:34:49,899] INFO [Broker id=1] Creating new partition orders-dlq-0 with topic id z0SysKA1RiS3JG2yNXWZrA. (state.change.logger)
[2026-09-08 11:34:49,942] INFO [Broker id=1] Leader orders-dlq-0 with topic id Some(z0SysKA1RiS3JG2yNXWZrA) starts at leader epoch 0 from offset 0 with partition epoch 0, high watermark 0, ISR [1], adding replicas [] and removing replicas [] . Previous leader None and previous leader epoch was -1. (state.change.logger)
[2026-09-08 11:34:49,942] INFO [Broker id=1] Creating new partition orders-dlq-1 with topic id z0SysKA1RiS3JG2yNXWZrA. (state.change.logger)
[2026-09-08 11:34:49,958] INFO [Broker id=1] Leader orders-dlq-1 with topic id Some(z0SysKA1RiS3JG2yNXWZrA) starts at leader epoch 0 from offset 0 with partition epoch 0, high watermark 0, ISR [1], adding replicas [] and removing replicas [] . Previous leader None and previous leader epoch was -1. (state.change.logger)
[2026-09-08 11:34:49,958] INFO [Broker id=1] Creating new partition orders-dlq-2 with topic id z0SysKA1RiS3JG2yNXWZrA. (state.change.logger)
[2026-09-08 11:34:49,968] INFO [Broker id=1] Leader orders-dlq-2 with topic id Some(z0SysKA1RiS3JG2yNXWZrA) starts at leader epoch 0 from offset 0 with partition epoch 0, high watermark 0, ISR [1], adding replicas [] and removing replicas [] . Previous leader None and previous leader epoch was -1. (state.change.logger)
[2026-09-08 11:35:13,203] INFO [Broker id=1] Transitioning 3 partition(s) to local leaders. (state.change.logger)
[2026-09-08 11:35:13,203] INFO [Broker id=1] Creating new partition orders-status-dlq-1 with topic id xoMwgjuxTjWHh98gZ7x87g. (state.change.logger)
[2026-09-08 11:35:13,253] INFO [Broker id=1] Leader orders-status-dlq-1 with topic id Some(xoMwgjuxTjWHh98gZ7x87g) starts at leader epoch 0 from offset 0 with partition epoch 0, high watermark 0, ISR [1], adding replicas [] and removing replicas [] . Previous leader None and previous leader epoch was -1. (state.change.logger)
[2026-09-08 11:35:13,270] INFO [Broker id=1] Creating new partition orders-status-dlq-0 with topic id xoMwgjuxTjWHh98gZ7x87g. (state.change.logger)
[2026-09-08 11:35:13,283] INFO [Broker id=1] Leader orders-status-dlq-0 with topic id Some(xoMwgjuxTjWHh98gZ7x87g) starts at leader epoch 0 from offset 0 with partition epoch 0, high watermark 0, ISR [1], adding replicas [] and removing replicas [] . Previous leader None and previous leader epoch was -1. (state.change.logger)
[2026-09-08 11:35:13,283] INFO [Broker id=1] Creating new partition orders-status-dlq-2 with topic id xoMwgjuxTjWHh98gZ7x87g. (state.change.logger)
[2026-09-08 11:35:13,312] INFO [Broker id=1] Leader orders-status-dlq-2 with topic id Some(xoMwgjuxTjWHh98gZ7x87g) starts at leader epoch 0 from offset 0 with partition epoch 0, high watermark 0, ISR [1], adding replicas [] and removing replicas [] . Previous leader None and previous leader epoch was -1. (state.change.logger)
[2026-09-08 11:35:50,564] INFO [Broker id=1] Transitioning 3 partition(s) to local leaders. (state.change.logger)
[2026-09-08 11:35:50,564] INFO [Broker id=1] Creating new partition orders-status-events-1 with topic id DlsNXtJjRH6-MGbRXDJxug. (state.change.logger)
[2026-09-08 11:35:50,590] INFO [Broker id=1] Leader orders-status-events-1 with topic id Some(DlsNXtJjRH6-MGbRXDJxug) starts at leader epoch 0 from offset 0 with partition epoch 0, high watermark 0, ISR [1], adding replicas [] and removing replicas [] . Previous leader None and previous leader epoch was -1. (state.change.logger)
[2026-09-08 11:35:50,590] INFO [Broker id=1] Creating new partition orders-status-events-0 with topic id DlsNXtJjRH6-MGbRXDJxug. (state.change.logger)
[2026-09-08 11:35:50,603] INFO [Broker id=1] Leader orders-status-events-0 with topic id Some(DlsNXtJjRH6-MGbRXDJxug) starts at leader epoch 0 from offset 0 with partition epoch 0, high watermark 0, ISR [1], adding replicas [] and removing replicas [] . Previous leader None and previous leader epoch was -1. (state.change.logger)
[2026-09-08 11:35:50,603] INFO [Broker id=1] Creating new partition orders-status-events-2 with topic id DlsNXtJjRH6-MGbRXDJxug. (state.change.logger)
[2026-09-08 11:35:50,619] INFO [Broker id=1] Leader orders-status-events-2 with topic id Some(DlsNXtJjRH6-MGbRXDJxug) starts at leader epoch 0 from offset 0 with partition epoch 0, high watermark 0, ISR [1], adding replicas [] and removing replicas [] . Previous leader None and previous leader epoch was -1. (state.change.logger)
[2026-09-08 11:36:18,368] INFO [Broker id=1] Transitioning 3 partition(s) to local leaders. (state.change.logger)
[2026-09-08 11:36:18,368] INFO [Broker id=1] Creating new partition orders-status-retry-2 with topic id 1LOuiU4-RDmBnAgFTWCpYQ. (state.change.logger)
[2026-09-08 11:36:18,413] INFO [Broker id=1] Leader orders-status-retry-2 with topic id Some(1LOuiU4-RDmBnAgFTWCpYQ) starts at leader epoch 0 from offset 0 with partition epoch 0, high watermark 0, ISR [1], adding replicas [] and removing replicas [] . Previous leader None and previous leader epoch was -1. (state.change.logger)
[2026-09-08 11:36:18,441] INFO [Broker id=1] Creating new partition orders-status-retry-1 with topic id 1LOuiU4-RDmBnAgFTWCpYQ. (state.change.logger)
[2026-09-08 11:36:18,448] INFO [Broker id=1] Leader orders-status-retry-1 with topic id Some(1LOuiU4-RDmBnAgFTWCpYQ) starts at leader epoch 0 from offset 0 with partition epoch 0, high watermark 0, ISR [1], adding replicas [] and removing replicas [] . Previous leader None and previous leader epoch was -1. (state.change.logger)
[2026-09-08 11:36:18,461] INFO [Broker id=1] Creating new partition orders-status-retry-0 with topic id 1LOuiU4-RDmBnAgFTWCpYQ. (state.change.logger)
[2026-09-08 11:36:18,470] INFO [Broker id=1] Leader orders-status-retry-0 with topic id Some(1LOuiU4-RDmBnAgFTWCpYQ) starts at leader epoch 0 from offset 0 with partition epoch 0, high watermark 0, ISR [1], adding replicas [] and removing replicas [] . Previous leader None and previous leader epoch was -1. (state.change.logger)
[2026-09-08 11:40:45,868] INFO [Broker id=1] Transitioning 2 partition(s) to local leaders. (state.change.logger)
[2026-09-08 11:40:45,868] INFO [Broker id=1] Creating new partition order-status-retry-0 with topic id MagUeYYbTRiBHQaCfX4OaA. (state.change.logger)
[2026-09-08 11:40:45,901] INFO [Broker id=1] Leader order-status-retry-0 with topic id Some(MagUeYYbTRiBHQaCfX4OaA) starts at leader epoch 0 from offset 0 with partition epoch 0, high watermark 0, ISR [1], adding replicas [] and removing replicas [] . Previous leader None and previous leader epoch was -1. (state.change.logger)
[2026-09-08 11:40:45,905] INFO [Broker id=1] Creating new partition order-status-events-0 with topic id gJdSe7KvSiSnDywcrXA2Qg. (state.change.logger)
[2026-09-08 11:40:45,920] INFO [Broker id=1] Leader order-status-events-0 with topic id Some(gJdSe7KvSiSnDywcrXA2Qg) starts at leader epoch 0 from offset 0 with partition epoch 0, high watermark 0, ISR [1], adding replicas [] and removing replicas [] . Previous leader None and previous leader epoch was -1. (state.change.logger)
[2026-09-08 11:40:46,002] INFO [Broker id=1] Transitioning 50 partition(s) to local leaders. (state.change.logger)
[2026-09-08 11:40:46,002] INFO [Broker id=1] Creating new partition __consumer_offsets-13 with topic id 6UobqpBvQOilfcquVH4dPA. (state.change.logger)
[2026-09-08 11:40:46,012] INFO [Broker id=1] Leader __consumer_offsets-13 with topic id Some(6UobqpBvQOilfcquVH4dPA) starts at leader epoch 0 from offset 0 with partition epoch 0, high watermark 0, ISR [1], adding replicas [] and removing replicas [] . Previous leader None and previous leader epoch was -1. (state.change.logger)
[2026-09-08 11:40:46,012] INFO [Broker id=1] Creating new partition __consumer_offsets-46 with topic id 6UobqpBvQOilfcquVH4dPA. (state.change.logger)
[2026-09-08 11:40:46,032] INFO [Broker id=1] Leader __consumer_offsets-46 with topic id Some(6UobqpBvQOilfcquVH4dPA) starts at leader epoch 0 from offset 0 with partition epoch 0, high watermark 0, ISR [1], adding replicas [] and removing replicas [] . Previous leader None and previous leader epoch was -1. (state.change.logger)
[2026-09-08 11:40:46,041] INFO [Broker id=1] Creating new partition __consumer_offsets-9 with topic id 6UobqpBvQOilfcquVH4dPA. (state.change.logger)
[2026-09-08 11:40:46,047] INFO [Broker id=1] Leader __consumer_offsets-9 with topic id Some(6UobqpBvQOilfcquVH4dPA) starts at leader epoch 0 from offset 0 with partition epoch 0, high watermark 0, ISR [1], adding replicas [] and removing replicas [] . Previous leader None and previous leader epoch was -1. (state.change.logger)
[2026-09-08 11:40:46,057] INFO [Broker id=1] Creating new partition __consumer_offsets-42 with topic id 6UobqpBvQOilfcquVH4dPA. (state.change.logger)
[2026-09-08 11:40:46,057] INFO [Broker id=1] Leader __consumer_offsets-42 with topic id Some(6UobqpBvQOilfcquVH4dPA) starts at leader epoch 0 from offset 0 with partition epoch 0, high watermark 0, ISR [1], adding replicas [] and removing replicas [] . Previous leader None and previous leader epoch was -1. (state.change.logger)
[2026-09-08 11:40:46,073] INFO [Broker id=1] Creating new partition __consumer_offsets-21 with topic id 6UobqpBvQOilfcquVH4dPA. (state.change.logger)
[2026-09-08 11:40:46,086] INFO [Broker id=1] Leader __consumer_offsets-21 with topic id Some(6UobqpBvQOilfcquVH4dPA) starts at leader epoch 0 from offset 0 with partition epoch 0, high watermark 0, ISR [1], adding replicas [] and removing replicas [] . Previous leader None and previous leader epoch was -1. (state.change.logger)
[2026-09-08 11:40:46,086] INFO [Broker id=1] Creating new partition __consumer_offsets-17 with topic id 6UobqpBvQOilfcquVH4dPA. (state.change.logger)
[2026-09-08 11:40:46,102] INFO [Broker id=1] Leader __consumer_offsets-17 with topic id Some(6UobqpBvQOilfcquVH4dPA) starts at leader epoch 0 from offset 0 with partition epoch 0, high watermark 0, ISR [1], adding replicas [] and removing replicas [] . Previous leader None and previous leader epoch was -1. (state.change.logger)
[2026-09-08 11:40:46,114] INFO [Broker id=1] Creating new partition __consumer_offsets-30 with topic id 6UobqpBvQOilfcquVH4dPA. (state.change.logger)
[2026-09-08 11:40:46,127] INFO [Broker id=1] Leader __consumer_offsets-30 with topic id Some(6UobqpBvQOilfcquVH4dPA) starts at leader epoch 0 from offset 0 with partition epoch 0, high watermark 0, ISR [1], adding replicas [] and removing replicas [] . Previous leader None and previous leader epoch was -1. (state.change.logger)
[2026-09-08 11:40:46,131] INFO [Broker id=1] Creating new partition __consumer_offsets-26 with topic id 6UobqpBvQOilfcquVH4dPA. (state.change.logger)
[2026-09-08 11:40:46,141] INFO [Broker id=1] Leader __consumer_offsets-26 with topic id Some(6UobqpBvQOilfcquVH4dPA) starts at leader epoch 0 from offset 0 with partition epoch 0, high watermark 0, ISR [1], adding replicas [] and removing replicas [] . Previous leader None and previous leader epoch was -1. (state.change.logger)
[2026-09-08 11:40:46,157] INFO [Broker id=1] Creating new partition __consumer_offsets-5 with topic id 6UobqpBvQOilfcquVH4dPA. (state.change.logger)
[2026-09-08 11:40:46,170] INFO [Broker id=1] Leader __consumer_offsets-5 with topic id Some(6UobqpBvQOilfcquVH4dPA) starts at leader epoch 0 from offset 0 with partition epoch 0, high watermark 0, ISR [1], adding replicas [] and removing replicas [] . Previous leader None and previous leader epoch was -1. (state.change.logger)
[2026-09-08 11:40:46,170] INFO [Broker id=1] Creating new partition __consumer_offsets-38 with topic id 6UobqpBvQOilfcquVH4dPA. (state.change.logger)
[2026-09-08 11:40:46,184] INFO [Broker id=1] Leader __consumer_offsets-38 with topic id Some(6UobqpBvQOilfcquVH4dPA) starts at leader epoch 0 from offset 0 with partition epoch 0, high watermark 0, ISR [1], adding replicas [] and removing replicas [] . Previous leader None and previous leader epoch was -1. (state.change.logger)
[2026-09-08 11:40:46,193] INFO [Broker id=1] Creating new partition __consumer_offsets-1 with topic id 6UobqpBvQOilfcquVH4dPA. (state.change.logger)
[2026-09-08 11:40:46,193] INFO [Broker id=1] Leader __consumer_offsets-1 with topic id Some(6UobqpBvQOilfcquVH4dPA) starts at leader epoch 0 from offset 0 with partition epoch 0, high watermark 0, ISR [1], adding replicas [] and removing replicas [] . Previous leader None and previous leader epoch was -1. (state.change.logger)
[2026-09-08 11:40:46,209] INFO [Broker id=1] Creating new partition __consumer_offsets-34 with topic id 6UobqpBvQOilfcquVH4dPA. (state.change.logger)
[2026-09-08 11:40:46,209] INFO [Broker id=1] Leader __consumer_offsets-34 with topic id Some(6UobqpBvQOilfcquVH4dPA) starts at leader epoch 0 from offset 0 with partition epoch 0, high watermark 0, ISR [1], adding replicas [] and removing replicas [] . Previous leader None and previous leader epoch was -1. (state.change.logger)
[2026-09-08 11:40:46,224] INFO [Broker id=1] Creating new partition __consumer_offsets-16 with topic id 6UobqpBvQOilfcquVH4dPA. (state.change.logger)
[2026-09-08 11:40:46,224] INFO [Broker id=1] Leader __consumer_offsets-16 with topic id Some(6UobqpBvQOilfcquVH4dPA) starts at leader epoch 0 from offset 0 with partition epoch 0, high watermark 0, ISR [1], adding replicas [] and removing replicas [] . Previous leader None and previous leader epoch was -1. (state.change.logger)
[2026-09-08 11:40:46,224] INFO [Broker id=1] Creating new partition __consumer_offsets-45 with topic id 6UobqpBvQOilfcquVH4dPA. (state.change.logger)
[2026-09-08 11:40:46,242] INFO [Broker id=1] Leader __consumer_offsets-45 with topic id Some(6UobqpBvQOilfcquVH4dPA) starts at leader epoch 0 from offset 0 with partition epoch 0, high watermark 0, ISR [1], adding replicas [] and removing replicas [] . Previous leader None and previous leader epoch was -1. (state.change.logger)
[2026-09-08 11:40:46,242] INFO [Broker id=1] Creating new partition __consumer_offsets-12 with topic id 6UobqpBvQOilfcquVH4dPA. (state.change.logger)
[2026-09-08 11:40:46,260] INFO [Broker id=1] Leader __consumer_offsets-12 with topic id Some(6UobqpBvQOilfcquVH4dPA) starts at leader epoch 0 from offset 0 with partition epoch 0, high watermark 0, ISR [1], adding replicas [] and removing replicas [] . Previous leader None and previous leader epoch was -1. (state.change.logger)
[2026-09-08 11:40:46,271] INFO [Broker id=1] Creating new partition __consumer_offsets-41 with topic id 6UobqpBvQOilfcquVH4dPA. (state.change.logger)
[2026-09-08 11:40:46,271] INFO [Broker id=1] Leader __consumer_offsets-41 with topic id Some(6UobqpBvQOilfcquVH4dPA) starts at leader epoch 0 from offset 0 with partition epoch 0, high watermark 0, ISR [1], adding replicas [] and removing replicas [] . Previous leader None and previous leader epoch was -1. (state.change.logger)
[2026-09-08 11:40:46,287] INFO [Broker id=1] Creating new partition __consumer_offsets-24 with topic id 6UobqpBvQOilfcquVH4dPA. (state.change.logger)
[2026-09-08 11:40:46,299] INFO [Broker id=1] Leader __consumer_offsets-24 with topic id Some(6UobqpBvQOilfcquVH4dPA) starts at leader epoch 0 from offset 0 with partition epoch 0, high watermark 0, ISR [1], adding replicas [] and removing replicas [] . Previous leader None and previous leader epoch was -1. (state.change.logger)
[2026-09-08 11:40:46,306] INFO [Broker id=1] Creating new partition __consumer_offsets-20 with topic id 6UobqpBvQOilfcquVH4dPA. (state.change.logger)
[2026-09-08 11:40:46,309] INFO [Broker id=1] Leader __consumer_offsets-20 with topic id Some(6UobqpBvQOilfcquVH4dPA) starts at leader epoch 0 from offset 0 with partition epoch 0, high watermark 0, ISR [1], adding replicas [] and removing replicas [] . Previous leader None and previous leader epoch was -1. (state.change.logger)
[2026-09-08 11:40:46,309] INFO [Broker id=1] Creating new partition __consumer_offsets-49 with topic id 6UobqpBvQOilfcquVH4dPA. (state.change.logger)
[2026-09-08 11:40:46,324] INFO [Broker id=1] Leader __consumer_offsets-49 with topic id Some(6UobqpBvQOilfcquVH4dPA) starts at leader epoch 0 from offset 0 with partition epoch 0, high watermark 0, ISR [1], adding replicas [] and removing replicas [] . Previous leader None and previous leader epoch was -1. (state.change.logger)
[2026-09-08 11:40:46,342] INFO [Broker id=1] Creating new partition __consumer_offsets-0 with topic id 6UobqpBvQOilfcquVH4dPA. (state.change.logger)
[2026-09-08 11:40:46,342] INFO [Broker id=1] Leader __consumer_offsets-0 with topic id Some(6UobqpBvQOilfcquVH4dPA) starts at leader epoch 0 from offset 0 with partition epoch 0, high watermark 0, ISR [1], adding replicas [] and removing replicas [] . Previous leader None and previous leader epoch was -1. (state.change.logger)
[2026-09-08 11:40:46,357] INFO [Broker id=1] Creating new partition __consumer_offsets-29 with topic id 6UobqpBvQOilfcquVH4dPA. (state.change.logger)
[2026-09-08 11:40:46,369] INFO [Broker id=1] Leader __consumer_offsets-29 with topic id Some(6UobqpBvQOilfcquVH4dPA) starts at leader epoch 0 from offset 0 with partition epoch 0, high watermark 0, ISR [1], adding replicas [] and removing replicas [] . Previous leader None and previous leader epoch was -1. (state.change.logger)
[2026-09-08 11:40:46,369] INFO [Broker id=1] Creating new partition __consumer_offsets-25 with topic id 6UobqpBvQOilfcquVH4dPA. (state.change.logger)
[2026-09-08 11:40:46,384] INFO [Broker id=1] Leader __consumer_offsets-25 with topic id Some(6UobqpBvQOilfcquVH4dPA) starts at leader epoch 0 from offset 0 with partition epoch 0, high watermark 0, ISR [1], adding replicas [] and removing replicas [] . Previous leader None and previous leader epoch was -1. (state.change.logger)
[2026-09-08 11:40:46,396] INFO [Broker id=1] Creating new partition __consumer_offsets-8 with topic id 6UobqpBvQOilfcquVH4dPA. (state.change.logger)
[2026-09-08 11:40:46,411] INFO [Broker id=1] Leader __consumer_offsets-8 with topic id Some(6UobqpBvQOilfcquVH4dPA) starts at leader epoch 0 from offset 0 with partition epoch 0, high watermark 0, ISR [1], adding replicas [] and removing replicas [] . Previous leader None and previous leader epoch was -1. (state.change.logger)
[2026-09-08 11:40:46,411] INFO [Broker id=1] Creating new partition __consumer_offsets-37 with topic id 6UobqpBvQOilfcquVH4dPA. (state.change.logger)
[2026-09-08 11:40:46,411] INFO [Broker id=1] Leader __consumer_offsets-37 with topic id Some(6UobqpBvQOilfcquVH4dPA) starts at leader epoch 0 from offset 0 with partition epoch 0, high watermark 0, ISR [1], adding replicas [] and removing replicas [] . Previous leader None and previous leader epoch was -1. (state.change.logger)
[2026-09-08 11:40:46,430] INFO [Broker id=1] Creating new partition __consumer_offsets-4 with topic id 6UobqpBvQOilfcquVH4dPA. (state.change.logger)
[2026-09-08 11:40:46,442] INFO [Broker id=1] Leader __consumer_offsets-4 with topic id Some(6UobqpBvQOilfcquVH4dPA) starts at leader epoch 0 from offset 0 with partition epoch 0, high watermark 0, ISR [1], adding replicas [] and removing replicas [] . Previous leader None and previous leader epoch was -1. (state.change.logger)
[2026-09-08 11:40:46,442] INFO [Broker id=1] Creating new partition __consumer_offsets-33 with topic id 6UobqpBvQOilfcquVH4dPA. (state.change.logger)
[2026-09-08 11:40:46,456] INFO [Broker id=1] Leader __consumer_offsets-33 with topic id Some(6UobqpBvQOilfcquVH4dPA) starts at leader epoch 0 from offset 0 with partition epoch 0, high watermark 0, ISR [1], adding replicas [] and removing replicas [] . Previous leader None and previous leader epoch was -1. (state.change.logger)
[2026-09-08 11:40:46,460] INFO [Broker id=1] Creating new partition __consumer_offsets-15 with topic id 6UobqpBvQOilfcquVH4dPA. (state.change.logger)
[2026-09-08 11:40:46,466] INFO [Broker id=1] Leader __consumer_offsets-15 with topic id Some(6UobqpBvQOilfcquVH4dPA) starts at leader epoch 0 from offset 0 with partition epoch 0, high watermark 0, ISR [1], adding replicas [] and removing replicas [] . Previous leader None and previous leader epoch was -1. (state.change.logger)
[2026-09-08 11:40:46,466] INFO [Broker id=1] Creating new partition __consumer_offsets-48 with topic id 6UobqpBvQOilfcquVH4dPA. (state.change.logger)
[2026-09-08 11:40:46,494] INFO [Broker id=1] Leader __consumer_offsets-48 with topic id Some(6UobqpBvQOilfcquVH4dPA) starts at leader epoch 0 from offset 0 with partition epoch 0, high watermark 0, ISR [1], adding replicas [] and removing replicas [] . Previous leader None and previous leader epoch was -1. (state.change.logger)
[2026-09-08 11:40:46,496] INFO [Broker id=1] Creating new partition __consumer_offsets-11 with topic id 6UobqpBvQOilfcquVH4dPA. (state.change.logger)
[2026-09-08 11:40:46,512] INFO [Broker id=1] Leader __consumer_offsets-11 with topic id Some(6UobqpBvQOilfcquVH4dPA) starts at leader epoch 0 from offset 0 with partition epoch 0, high watermark 0, ISR [1], adding replicas [] and removing replicas [] . Previous leader None and previous leader epoch was -1. (state.change.logger)
[2026-09-08 11:40:46,513] INFO [Broker id=1] Creating new partition __consumer_offsets-44 with topic id 6UobqpBvQOilfcquVH4dPA. (state.change.logger)
[2026-09-08 11:40:46,523] INFO [Broker id=1] Leader __consumer_offsets-44 with topic id Some(6UobqpBvQOilfcquVH4dPA) starts at leader epoch 0 from offset 0 with partition epoch 0, high watermark 0, ISR [1], adding replicas [] and removing replicas [] . Previous leader None and previous leader epoch was -1. (state.change.logger)
[2026-09-08 11:40:46,523] INFO [Broker id=1] Creating new partition __consumer_offsets-23 with topic id 6UobqpBvQOilfcquVH4dPA. (state.change.logger)
[2026-09-08 11:40:46,544] INFO [Broker id=1] Leader __consumer_offsets-23 with topic id Some(6UobqpBvQOilfcquVH4dPA) starts at leader epoch 0 from offset 0 with partition epoch 0, high watermark 0, ISR [1], adding replicas [] and removing replicas [] . Previous leader None and previous leader epoch was -1. (state.change.logger)
[2026-09-08 11:40:46,548] INFO [Broker id=1] Creating new partition __consumer_offsets-19 with topic id 6UobqpBvQOilfcquVH4dPA. (state.change.logger)
[2026-09-08 11:40:46,560] INFO [Broker id=1] Leader __consumer_offsets-19 with topic id Some(6UobqpBvQOilfcquVH4dPA) starts at leader epoch 0 from offset 0 with partition epoch 0, high watermark 0, ISR [1], adding replicas [] and removing replicas [] . Previous leader None and previous leader epoch was -1. (state.change.logger)
[2026-09-08 11:40:46,560] INFO [Broker id=1] Creating new partition __consumer_offsets-32 with topic id 6UobqpBvQOilfcquVH4dPA. (state.change.logger)
[2026-09-08 11:40:46,570] INFO [Broker id=1] Leader __consumer_offsets-32 with topic id Some(6UobqpBvQOilfcquVH4dPA) starts at leader epoch 0 from offset 0 with partition epoch 0, high watermark 0, ISR [1], adding replicas [] and removing replicas [] . Previous leader None and previous leader epoch was -1. (state.change.logger)
[2026-09-08 11:40:46,580] INFO [Broker id=1] Creating new partition __consumer_offsets-28 with topic id 6UobqpBvQOilfcquVH4dPA. (state.change.logger)
[2026-09-08 11:40:46,580] INFO [Broker id=1] Leader __consumer_offsets-28 with topic id Some(6UobqpBvQOilfcquVH4dPA) starts at leader epoch 0 from offset 0 with partition epoch 0, high watermark 0, ISR [1], adding replicas [] and removing replicas [] . Previous leader None and previous leader epoch was -1. (state.change.logger)
[2026-09-08 11:40:46,592] INFO [Broker id=1] Creating new partition __consumer_offsets-7 with topic id 6UobqpBvQOilfcquVH4dPA. (state.change.logger)
[2026-09-08 11:40:46,602] INFO [Broker id=1] Leader __consumer_offsets-7 with topic id Some(6UobqpBvQOilfcquVH4dPA) starts at leader epoch 0 from offset 0 with partition epoch 0, high watermark 0, ISR [1], adding replicas [] and removing replicas [] . Previous leader None and previous leader epoch was -1. (state.change.logger)
[2026-09-08 11:40:46,602] INFO [Broker id=1] Creating new partition __consumer_offsets-40 with topic id 6UobqpBvQOilfcquVH4dPA. (state.change.logger)
[2026-09-08 11:40:46,618] INFO [Broker id=1] Leader __consumer_offsets-40 with topic id Some(6UobqpBvQOilfcquVH4dPA) starts at leader epoch 0 from offset 0 with partition epoch 0, high watermark 0, ISR [1], adding replicas [] and removing replicas [] . Previous leader None and previous leader epoch was -1. (state.change.logger)
[2026-09-08 11:40:46,618] INFO [Broker id=1] Creating new partition __consumer_offsets-3 with topic id 6UobqpBvQOilfcquVH4dPA. (state.change.logger)
[2026-09-08 11:40:46,641] INFO [Broker id=1] Leader __consumer_offsets-3 with topic id Some(6UobqpBvQOilfcquVH4dPA) starts at leader epoch 0 from offset 0 with partition epoch 0, high watermark 0, ISR [1], adding replicas [] and removing replicas [] . Previous leader None and previous leader epoch was -1. (state.change.logger)
[2026-09-08 11:40:46,641] INFO [Broker id=1] Creating new partition __consumer_offsets-36 with topic id 6UobqpBvQOilfcquVH4dPA. (state.change.logger)
[2026-09-08 11:40:46,657] INFO [Broker id=1] Leader __consumer_offsets-36 with topic id Some(6UobqpBvQOilfcquVH4dPA) starts at leader epoch 0 from offset 0 with partition epoch 0, high watermark 0, ISR [1], adding replicas [] and removing replicas [] . Previous leader None and previous leader epoch was -1. (state.change.logger)
[2026-09-08 11:40:46,664] INFO [Broker id=1] Creating new partition __consumer_offsets-47 with topic id 6UobqpBvQOilfcquVH4dPA. (state.change.logger)
[2026-09-08 11:40:46,669] INFO [Broker id=1] Leader __consumer_offsets-47 with topic id Some(6UobqpBvQOilfcquVH4dPA) starts at leader epoch 0 from offset 0 with partition epoch 0, high watermark 0, ISR [1], adding replicas [] and removing replicas [] . Previous leader None and previous leader epoch was -1. (state.change.logger)
[2026-09-08 11:40:46,685] INFO [Broker id=1] Creating new partition __consumer_offsets-14 with topic id 6UobqpBvQOilfcquVH4dPA. (state.change.logger)
[2026-09-08 11:40:46,685] INFO [Broker id=1] Leader __consumer_offsets-14 with topic id Some(6UobqpBvQOilfcquVH4dPA) starts at leader epoch 0 from offset 0 with partition epoch 0, high watermark 0, ISR [1], adding replicas [] and removing replicas [] . Previous leader None and previous leader epoch was -1. (state.change.logger)
[2026-09-08 11:40:46,700] INFO [Broker id=1] Creating new partition __consumer_offsets-43 with topic id 6UobqpBvQOilfcquVH4dPA. (state.change.logger)
[2026-09-08 11:40:46,706] INFO [Broker id=1] Leader __consumer_offsets-43 with topic id Some(6UobqpBvQOilfcquVH4dPA) starts at leader epoch 0 from offset 0 with partition epoch 0, high watermark 0, ISR [1], adding replicas [] and removing replicas [] . Previous leader None and previous leader epoch was -1. (state.change.logger)
[2026-09-08 11:40:46,706] INFO [Broker id=1] Creating new partition __consumer_offsets-10 with topic id 6UobqpBvQOilfcquVH4dPA. (state.change.logger)
[2026-09-08 11:40:46,722] INFO [Broker id=1] Leader __consumer_offsets-10 with topic id Some(6UobqpBvQOilfcquVH4dPA) starts at leader epoch 0 from offset 0 with partition epoch 0, high watermark 0, ISR [1], adding replicas [] and removing replicas [] . Previous leader None and previous leader epoch was -1. (state.change.logger)
[2026-09-08 11:40:46,732] INFO [Broker id=1] Creating new partition __consumer_offsets-22 with topic id 6UobqpBvQOilfcquVH4dPA. (state.change.logger)
[2026-09-08 11:40:46,747] INFO [Broker id=1] Leader __consumer_offsets-22 with topic id Some(6UobqpBvQOilfcquVH4dPA) starts at leader epoch 0 from offset 0 with partition epoch 0, high watermark 0, ISR [1], adding replicas [] and removing replicas [] . Previous leader None and previous leader epoch was -1. (state.change.logger)
[2026-09-08 11:40:46,754] INFO [Broker id=1] Creating new partition __consumer_offsets-18 with topic id 6UobqpBvQOilfcquVH4dPA. (state.change.logger)
[2026-09-08 11:40:46,756] INFO [Broker id=1] Leader __consumer_offsets-18 with topic id Some(6UobqpBvQOilfcquVH4dPA) starts at leader epoch 0 from offset 0 with partition epoch 0, high watermark 0, ISR [1], adding replicas [] and removing replicas [] . Previous leader None and previous leader epoch was -1. (state.change.logger)
[2026-09-08 11:40:46,756] INFO [Broker id=1] Creating new partition __consumer_offsets-31 with topic id 6UobqpBvQOilfcquVH4dPA. (state.change.logger)
[2026-09-08 11:40:46,775] INFO [Broker id=1] Leader __consumer_offsets-31 with topic id Some(6UobqpBvQOilfcquVH4dPA) starts at leader epoch 0 from offset 0 with partition epoch 0, high watermark 0, ISR [1], adding replicas [] and removing replicas [] . Previous leader None and previous leader epoch was -1. (state.change.logger)
[2026-09-08 11:40:46,775] INFO [Broker id=1] Creating new partition __consumer_offsets-27 with topic id 6UobqpBvQOilfcquVH4dPA. (state.change.logger)
[2026-09-08 11:40:46,790] INFO [Broker id=1] Leader __consumer_offsets-27 with topic id Some(6UobqpBvQOilfcquVH4dPA) starts at leader epoch 0 from offset 0 with partition epoch 0, high watermark 0, ISR [1], adding replicas [] and removing replicas [] . Previous leader None and previous leader epoch was -1. (state.change.logger)
[2026-09-08 11:40:46,800] INFO [Broker id=1] Creating new partition __consumer_offsets-39 with topic id 6UobqpBvQOilfcquVH4dPA. (state.change.logger)
[2026-09-08 11:40:46,811] INFO [Broker id=1] Leader __consumer_offsets-39 with topic id Some(6UobqpBvQOilfcquVH4dPA) starts at leader epoch 0 from offset 0 with partition epoch 0, high watermark 0, ISR [1], adding replicas [] and removing replicas [] . Previous leader None and previous leader epoch was -1. (state.change.logger)
[2026-09-08 11:40:46,811] INFO [Broker id=1] Creating new partition __consumer_offsets-6 with topic id 6UobqpBvQOilfcquVH4dPA. (state.change.logger)
[2026-09-08 11:40:46,811] INFO [Broker id=1] Leader __consumer_offsets-6 with topic id Some(6UobqpBvQOilfcquVH4dPA) starts at leader epoch 0 from offset 0 with partition epoch 0, high watermark 0, ISR [1], adding replicas [] and removing replicas [] . Previous leader None and previous leader epoch was -1. (state.change.logger)
[2026-09-08 11:40:46,827] INFO [Broker id=1] Creating new partition __consumer_offsets-35 with topic id 6UobqpBvQOilfcquVH4dPA. (state.change.logger)
[2026-09-08 11:40:46,843] INFO [Broker id=1] Leader __consumer_offsets-35 with topic id Some(6UobqpBvQOilfcquVH4dPA) starts at leader epoch 0 from offset 0 with partition epoch 0, high watermark 0, ISR [1], adding replicas [] and removing replicas [] . Previous leader None and previous leader epoch was -1. (state.change.logger)
[2026-09-08 11:40:46,843] INFO [Broker id=1] Creating new partition __consumer_offsets-2 with topic id 6UobqpBvQOilfcquVH4dPA. (state.change.logger)
[2026-09-08 11:40:46,853] INFO [Broker id=1] Leader __consumer_offsets-2 with topic id Some(6UobqpBvQOilfcquVH4dPA) starts at leader epoch 0 from offset 0 with partition epoch 0, high watermark 0, ISR [1], adding replicas [] and removing replicas [] . Previous leader None and previous leader epoch was -1. (state.change.logger)
[2026-09-08 11:48:39,635] INFO [Broker id=1] Transitioning 70 partition(s) to local followers. (state.change.logger)
[2026-09-08 11:48:39,642] INFO [Broker id=1] Follower orders-retry-0 starts at leader epoch 1 from offset 0 with partition epoch 1 and high watermark 0. Current leader is -1. Previous leader Some(-1) and previous leader epoch was 1. (state.change.logger)
[2026-09-08 11:48:39,642] INFO [Broker id=1] Follower __consumer_offsets-13 starts at leader epoch 1 from offset 0 with partition epoch 1 and high watermark 0. Current leader is -1. Previous leader Some(-1) and previous leader epoch was 1. (state.change.logger)
[2026-09-08 11:48:39,642] INFO [Broker id=1] Follower __consumer_offsets-46 starts at leader epoch 1 from offset 0 with partition epoch 1 and high watermark 0. Current leader is -1. Previous leader Some(-1) and previous leader epoch was 1. (state.change.logger)
[2026-09-08 11:48:39,642] INFO [Broker id=1] Follower __consumer_offsets-9 starts at leader epoch 1 from offset 0 with partition epoch 1 and high watermark 0. Current leader is -1. Previous leader Some(-1) and previous leader epoch was 1. (state.change.logger)
[2026-09-08 11:48:39,642] INFO [Broker id=1] Follower __consumer_offsets-42 starts at leader epoch 1 from offset 0 with partition epoch 1 and high watermark 0. Current leader is -1. Previous leader Some(-1) and previous leader epoch was 1. (state.change.logger)
[2026-09-08 11:48:39,642] INFO [Broker id=1] Follower orders-status-events-1 starts at leader epoch 1 from offset 0 with partition epoch 1 and high watermark 0. Current leader is -1. Previous leader Some(-1) and previous leader epoch was 1. (state.change.logger)
[2026-09-08 11:48:39,642] INFO [Broker id=1] Follower __consumer_offsets-21 starts at leader epoch 1 from offset 0 with partition epoch 1 and high watermark 0. Current leader is -1. Previous leader Some(-1) and previous leader epoch was 1. (state.change.logger)
[2026-09-08 11:48:39,642] INFO [Broker id=1] Follower orders-status-retry-2 starts at leader epoch 1 from offset 0 with partition epoch 1 and high watermark 0. Current leader is -1. Previous leader Some(-1) and previous leader epoch was 1. (state.change.logger)
[2026-09-08 11:48:39,642] INFO [Broker id=1] Follower __consumer_offsets-17 starts at leader epoch 1 from offset 2 with partition epoch 1 and high watermark 2. Current leader is -1. Previous leader Some(-1) and previous leader epoch was 1. (state.change.logger)
[2026-09-08 11:48:39,642] INFO [Broker id=1] Follower orders-dlq-2 starts at leader epoch 1 from offset 0 with partition epoch 1 and high watermark 0. Current leader is -1. Previous leader Some(-1) and previous leader epoch was 1. (state.change.logger)
[2026-09-08 11:48:39,642] INFO [Broker id=1] Follower __consumer_offsets-30 starts at leader epoch 1 from offset 0 with partition epoch 1 and high watermark 0. Current leader is -1. Previous leader Some(-1) and previous leader epoch was 1. (state.change.logger)
[2026-09-08 11:48:39,642] INFO [Broker id=1] Follower orders-status-dlq-2 starts at leader epoch 1 from offset 0 with partition epoch 1 and high watermark 0. Current leader is -1. Previous leader Some(-1) and previous leader epoch was 1. (state.change.logger)
[2026-09-08 11:48:39,642] INFO [Broker id=1] Follower __consumer_offsets-26 starts at leader epoch 1 from offset 0 with partition epoch 1 and high watermark 0. Current leader is -1. Previous leader Some(-1) and previous leader epoch was 1. (state.change.logger)
[2026-09-08 11:48:39,642] INFO [Broker id=1] Follower __consumer_offsets-5 starts at leader epoch 1 from offset 0 with partition epoch 1 and high watermark 0. Current leader is -1. Previous leader Some(-1) and previous leader epoch was 1. (state.change.logger)
[2026-09-08 11:48:39,642] INFO [Broker id=1] Follower orders-1 starts at leader epoch 1 from offset 0 with partition epoch 1 and high watermark 0. Current leader is -1. Previous leader Some(-1) and previous leader epoch was 1. (state.change.logger)
[2026-09-08 11:48:39,642] INFO [Broker id=1] Follower __consumer_offsets-38 starts at leader epoch 1 from offset 0 with partition epoch 1 and high watermark 0. Current leader is -1. Previous leader Some(-1) and previous leader epoch was 1. (state.change.logger)
[2026-09-08 11:48:39,642] INFO [Broker id=1] Follower __consumer_offsets-1 starts at leader epoch 1 from offset 0 with partition epoch 1 and high watermark 0. Current leader is -1. Previous leader Some(-1) and previous leader epoch was 1. (state.change.logger)
[2026-09-08 11:48:39,642] INFO [Broker id=1] Follower __consumer_offsets-34 starts at leader epoch 1 from offset 0 with partition epoch 1 and high watermark 0. Current leader is -1. Previous leader Some(-1) and previous leader epoch was 1. (state.change.logger)
[2026-09-08 11:48:39,642] INFO [Broker id=1] Follower __consumer_offsets-16 starts at leader epoch 1 from offset 0 with partition epoch 1 and high watermark 0. Current leader is -1. Previous leader Some(-1) and previous leader epoch was 1. (state.change.logger)
[2026-09-08 11:48:39,642] INFO [Broker id=1] Follower orders-retry-1 starts at leader epoch 1 from offset 0 with partition epoch 1 and high watermark 0. Current leader is -1. Previous leader Some(-1) and previous leader epoch was 1. (state.change.logger)
[2026-09-08 11:48:39,642] INFO [Broker id=1] Follower __consumer_offsets-45 starts at leader epoch 1 from offset 0 with partition epoch 1 and high watermark 0. Current leader is -1. Previous leader Some(-1) and previous leader epoch was 1. (state.change.logger)
[2026-09-08 11:48:39,642] INFO [Broker id=1] Follower __consumer_offsets-12 starts at leader epoch 1 from offset 0 with partition epoch 1 and high watermark 0. Current leader is -1. Previous leader Some(-1) and previous leader epoch was 1. (state.change.logger)
[2026-09-08 11:48:39,642] INFO [Broker id=1] Follower __consumer_offsets-41 starts at leader epoch 1 from offset 0 with partition epoch 1 and high watermark 0. Current leader is -1. Previous leader Some(-1) and previous leader epoch was 1. (state.change.logger)
[2026-09-08 11:48:39,642] INFO [Broker id=1] Follower __consumer_offsets-24 starts at leader epoch 1 from offset 0 with partition epoch 1 and high watermark 0. Current leader is -1. Previous leader Some(-1) and previous leader epoch was 1. (state.change.logger)
[2026-09-08 11:48:39,642] INFO [Broker id=1] Follower orders-status-events-2 starts at leader epoch 1 from offset 0 with partition epoch 1 and high watermark 0. Current leader is -1. Previous leader Some(-1) and previous leader epoch was 1. (state.change.logger)
[2026-09-08 11:48:39,642] INFO [Broker id=1] Follower orders-status-retry-1 starts at leader epoch 1 from offset 0 with partition epoch 1 and high watermark 0. Current leader is -1. Previous leader Some(-1) and previous leader epoch was 1. (state.change.logger)
[2026-09-08 11:48:39,642] INFO [Broker id=1] Follower __consumer_offsets-20 starts at leader epoch 1 from offset 0 with partition epoch 1 and high watermark 0. Current leader is -1. Previous leader Some(-1) and previous leader epoch was 1. (state.change.logger)
[2026-09-08 11:48:39,642] INFO [Broker id=1] Follower __consumer_offsets-49 starts at leader epoch 1 from offset 0 with partition epoch 1 and high watermark 0. Current leader is -1. Previous leader Some(-1) and previous leader epoch was 1. (state.change.logger)
[2026-09-08 11:48:39,647] INFO [Broker id=1] Follower __consumer_offsets-0 starts at leader epoch 1 from offset 0 with partition epoch 1 and high watermark 0. Current leader is -1. Previous leader Some(-1) and previous leader epoch was 1. (state.change.logger)
[2026-09-08 11:48:39,647] INFO [Broker id=1] Follower __consumer_offsets-29 starts at leader epoch 1 from offset 0 with partition epoch 1 and high watermark 0. Current leader is -1. Previous leader Some(-1) and previous leader epoch was 1. (state.change.logger)
[2026-09-08 11:48:39,647] INFO [Broker id=1] Follower orders-status-dlq-1 starts at leader epoch 1 from offset 0 with partition epoch 1 and high watermark 0. Current leader is -1. Previous leader Some(-1) and previous leader epoch was 1. (state.change.logger)
[2026-09-08 11:48:39,647] INFO [Broker id=1] Follower __consumer_offsets-25 starts at leader epoch 1 from offset 0 with partition epoch 1 and high watermark 0. Current leader is -1. Previous leader Some(-1) and previous leader epoch was 1. (state.change.logger)
[2026-09-08 11:48:39,647] INFO [Broker id=1] Follower __consumer_offsets-8 starts at leader epoch 1 from offset 0 with partition epoch 1 and high watermark 0. Current leader is -1. Previous leader Some(-1) and previous leader epoch was 1. (state.change.logger)
[2026-09-08 11:48:39,647] INFO [Broker id=1] Follower __consumer_offsets-37 starts at leader epoch 1 from offset 0 with partition epoch 1 and high watermark 0. Current leader is -1. Previous leader Some(-1) and previous leader epoch was 1. (state.change.logger)
[2026-09-08 11:48:39,647] INFO [Broker id=1] Follower orders-2 starts at leader epoch 1 from offset 0 with partition epoch 1 and high watermark 0. Current leader is -1. Previous leader Some(-1) and previous leader epoch was 1. (state.change.logger)
[2026-09-08 11:48:39,648] INFO [Broker id=1] Follower __consumer_offsets-4 starts at leader epoch 1 from offset 0 with partition epoch 1 and high watermark 0. Current leader is -1. Previous leader Some(-1) and previous leader epoch was 1. (state.change.logger)
[2026-09-08 11:48:39,648] INFO [Broker id=1] Follower __consumer_offsets-33 starts at leader epoch 1 from offset 0 with partition epoch 1 and high watermark 0. Current leader is -1. Previous leader Some(-1) and previous leader epoch was 1. (state.change.logger)
[2026-09-08 11:48:39,648] INFO [Broker id=1] Follower orders-retry-2 starts at leader epoch 1 from offset 0 with partition epoch 1 and high watermark 0. Current leader is -1. Previous leader Some(-1) and previous leader epoch was 1. (state.change.logger)
[2026-09-08 11:48:39,648] INFO [Broker id=1] Follower __consumer_offsets-15 starts at leader epoch 1 from offset 0 with partition epoch 1 and high watermark 0. Current leader is -1. Previous leader Some(-1) and previous leader epoch was 1. (state.change.logger)
[2026-09-08 11:48:39,648] INFO [Broker id=1] Follower __consumer_offsets-48 starts at leader epoch 1 from offset 0 with partition epoch 1 and high watermark 0. Current leader is -1. Previous leader Some(-1) and previous leader epoch was 1. (state.change.logger)
[2026-09-08 11:48:39,648] INFO [Broker id=1] Follower __consumer_offsets-11 starts at leader epoch 1 from offset 0 with partition epoch 1 and high watermark 0. Current leader is -1. Previous leader Some(-1) and previous leader epoch was 1. (state.change.logger)
[2026-09-08 11:48:39,648] INFO [Broker id=1] Follower __consumer_offsets-44 starts at leader epoch 1 from offset 0 with partition epoch 1 and high watermark 0. Current leader is -1. Previous leader Some(-1) and previous leader epoch was 1. (state.change.logger)
[2026-09-08 11:48:39,648] INFO [Broker id=1] Follower __consumer_offsets-23 starts at leader epoch 1 from offset 0 with partition epoch 1 and high watermark 0. Current leader is -1. Previous leader Some(-1) and previous leader epoch was 1. (state.change.logger)
[2026-09-08 11:48:39,648] INFO [Broker id=1] Follower __consumer_offsets-19 starts at leader epoch 1 from offset 0 with partition epoch 1 and high watermark 0. Current leader is -1. Previous leader Some(-1) and previous leader epoch was 1. (state.change.logger)
[2026-09-08 11:48:39,648] INFO [Broker id=1] Follower orders-dlq-0 starts at leader epoch 1 from offset 0 with partition epoch 1 and high watermark 0. Current leader is -1. Previous leader Some(-1) and previous leader epoch was 1. (state.change.logger)
[2026-09-08 11:48:39,648] INFO [Broker id=1] Follower orders-status-retry-0 starts at leader epoch 1 from offset 0 with partition epoch 1 and high watermark 0. Current leader is -1. Previous leader Some(-1) and previous leader epoch was 1. (state.change.logger)
[2026-09-08 11:48:39,648] INFO [Broker id=1] Follower __consumer_offsets-32 starts at leader epoch 1 from offset 0 with partition epoch 1 and high watermark 0. Current leader is -1. Previous leader Some(-1) and previous leader epoch was 1. (state.change.logger)
[2026-09-08 11:48:39,648] INFO [Broker id=1] Follower orders-status-dlq-0 starts at leader epoch 1 from offset 0 with partition epoch 1 and high watermark 0. Current leader is -1. Previous leader Some(-1) and previous leader epoch was 1. (state.change.logger)
[2026-09-08 11:48:39,648] INFO [Broker id=1] Follower __consumer_offsets-28 starts at leader epoch 1 from offset 0 with partition epoch 1 and high watermark 0. Current leader is -1. Previous leader Some(-1) and previous leader epoch was 1. (state.change.logger)
[2026-09-08 11:48:39,648] INFO [Broker id=1] Follower __consumer_offsets-7 starts at leader epoch 1 from offset 0 with partition epoch 1 and high watermark 0. Current leader is -1. Previous leader Some(-1) and previous leader epoch was 1. (state.change.logger)
[2026-09-08 11:48:39,648] INFO [Broker id=1] Follower __consumer_offsets-40 starts at leader epoch 1 from offset 0 with partition epoch 1 and high watermark 0. Current leader is -1. Previous leader Some(-1) and previous leader epoch was 1. (state.change.logger)
[2026-09-08 11:48:39,648] INFO [Broker id=1] Follower __consumer_offsets-3 starts at leader epoch 1 from offset 0 with partition epoch 1 and high watermark 0. Current leader is -1. Previous leader Some(-1) and previous leader epoch was 1. (state.change.logger)
[2026-09-08 11:48:39,648] INFO [Broker id=1] Follower __consumer_offsets-36 starts at leader epoch 1 from offset 1 with partition epoch 1 and high watermark 1. Current leader is -1. Previous leader Some(-1) and previous leader epoch was 1. (state.change.logger)
[2026-09-08 11:48:39,648] INFO [Broker id=1] Follower __consumer_offsets-47 starts at leader epoch 1 from offset 0 with partition epoch 1 and high watermark 0. Current leader is -1. Previous leader Some(-1) and previous leader epoch was 1. (state.change.logger)
[2026-09-08 11:48:39,648] INFO [Broker id=1] Follower __consumer_offsets-14 starts at leader epoch 1 from offset 0 with partition epoch 1 and high watermark 0. Current leader is -1. Previous leader Some(-1) and previous leader epoch was 1. (state.change.logger)
[2026-09-08 11:48:39,648] INFO [Broker id=1] Follower __consumer_offsets-43 starts at leader epoch 1 from offset 0 with partition epoch 1 and high watermark 0. Current leader is -1. Previous leader Some(-1) and previous leader epoch was 1. (state.change.logger)
[2026-09-08 11:48:39,648] INFO [Broker id=1] Follower __consumer_offsets-10 starts at leader epoch 1 from offset 0 with partition epoch 1 and high watermark 0. Current leader is -1. Previous leader Some(-1) and previous leader epoch was 1. (state.change.logger)
[2026-09-08 11:48:39,648] INFO [Broker id=1] Follower orders-status-events-0 starts at leader epoch 1 from offset 0 with partition epoch 1 and high watermark 0. Current leader is -1. Previous leader Some(-1) and previous leader epoch was 1. (state.change.logger)
[2026-09-08 11:48:39,648] INFO [Broker id=1] Follower __consumer_offsets-22 starts at leader epoch 1 from offset 0 with partition epoch 1 and high watermark 0. Current leader is -1. Previous leader Some(-1) and previous leader epoch was 1. (state.change.logger)
[2026-09-08 11:48:39,648] INFO [Broker id=1] Follower orders-dlq-1 starts at leader epoch 1 from offset 0 with partition epoch 1 and high watermark 0. Current leader is -1. Previous leader Some(-1) and previous leader epoch was 1. (state.change.logger)
[2026-09-08 11:48:39,648] INFO [Broker id=1] Follower __consumer_offsets-18 starts at leader epoch 1 from offset 0 with partition epoch 1 and high watermark 0. Current leader is -1. Previous leader Some(-1) and previous leader epoch was 1. (state.change.logger)
[2026-09-08 11:48:39,648] INFO [Broker id=1] Follower __consumer_offsets-31 starts at leader epoch 1 from offset 0 with partition epoch 1 and high watermark 0. Current leader is -1. Previous leader Some(-1) and previous leader epoch was 1. (state.change.logger)
[2026-09-08 11:48:39,648] INFO [Broker id=1] Follower __consumer_offsets-27 starts at leader epoch 1 from offset 0 with partition epoch 1 and high watermark 0. Current leader is -1. Previous leader Some(-1) and previous leader epoch was 1. (state.change.logger)
[2026-09-08 11:48:39,648] INFO [Broker id=1] Follower order-status-retry-0 starts at leader epoch 1 from offset 0 with partition epoch 1 and high watermark 0. Current leader is -1. Previous leader Some(-1) and previous leader epoch was 1. (state.change.logger)
[2026-09-08 11:48:39,648] INFO [Broker id=1] Follower __consumer_offsets-39 starts at leader epoch 1 from offset 0 with partition epoch 1 and high watermark 0. Current leader is -1. Previous leader Some(-1) and previous leader epoch was 1. (state.change.logger)
[2026-09-08 11:48:39,648] INFO [Broker id=1] Follower orders-0 starts at leader epoch 1 from offset 0 with partition epoch 1 and high watermark 0. Current leader is -1. Previous leader Some(-1) and previous leader epoch was 1. (state.change.logger)
[2026-09-08 11:48:39,648] INFO [Broker id=1] Follower __consumer_offsets-6 starts at leader epoch 1 from offset 0 with partition epoch 1 and high watermark 0. Current leader is -1. Previous leader Some(-1) and previous leader epoch was 1. (state.change.logger)
[2026-09-08 11:48:39,648] INFO [Broker id=1] Follower __consumer_offsets-35 starts at leader epoch 1 from offset 0 with partition epoch 1 and high watermark 0. Current leader is -1. Previous leader Some(-1) and previous leader epoch was 1. (state.change.logger)
[2026-09-08 11:48:39,648] INFO [Broker id=1] Follower order-status-events-0 starts at leader epoch 1 from offset 0 with partition epoch 1 and high watermark 0. Current leader is -1. Previous leader Some(-1) and previous leader epoch was 1. (state.change.logger)
[2026-09-08 11:48:39,648] INFO [Broker id=1] Follower __consumer_offsets-2 starts at leader epoch 1 from offset 0 with partition epoch 1 and high watermark 0. Current leader is -1. Previous leader Some(-1) and previous leader epoch was 1. (state.change.logger)
[2026-09-08 11:48:39,678] INFO [Broker id=1] Stopped fetchers as part of controlled shutdown for 70 partitions (state.change.logger)
[2026-09-08 11:49:13,775] INFO [Broker id=1] Transitioning 70 partition(s) to local followers. (state.change.logger)
[2026-09-08 11:49:13,783] INFO [Broker id=1] Creating new partition orders-retry-0 with topic id XeQcHnt3QOmNqNST8puAsw. (state.change.logger)
[2026-09-08 11:49:13,841] INFO [Broker id=1] Follower orders-retry-0 starts at leader epoch 1 from offset 0 with partition epoch 1 and high watermark 0. Current leader is -1. Previous leader Some(-1) and previous leader epoch was 1. (state.change.logger)
[2026-09-08 11:49:13,841] INFO [Broker id=1] Creating new partition __consumer_offsets-13 with topic id 6UobqpBvQOilfcquVH4dPA. (state.change.logger)
[2026-09-08 11:49:13,841] INFO [Broker id=1] Follower __consumer_offsets-13 starts at leader epoch 1 from offset 0 with partition epoch 1 and high watermark 0. Current leader is -1. Previous leader Some(-1) and previous leader epoch was 1. (state.change.logger)
[2026-09-08 11:49:13,841] INFO [Broker id=1] Creating new partition __consumer_offsets-46 with topic id 6UobqpBvQOilfcquVH4dPA. (state.change.logger)
[2026-09-08 11:49:13,841] INFO [Broker id=1] Follower __consumer_offsets-46 starts at leader epoch 1 from offset 0 with partition epoch 1 and high watermark 0. Current leader is -1. Previous leader Some(-1) and previous leader epoch was 1. (state.change.logger)
[2026-09-08 11:49:13,857] INFO [Broker id=1] Creating new partition __consumer_offsets-9 with topic id 6UobqpBvQOilfcquVH4dPA. (state.change.logger)
[2026-09-08 11:49:13,857] INFO [Broker id=1] Follower __consumer_offsets-9 starts at leader epoch 1 from offset 0 with partition epoch 1 and high watermark 0. Current leader is -1. Previous leader Some(-1) and previous leader epoch was 1. (state.change.logger)
[2026-09-08 11:49:13,857] INFO [Broker id=1] Creating new partition __consumer_offsets-42 with topic id 6UobqpBvQOilfcquVH4dPA. (state.change.logger)
[2026-09-08 11:49:13,857] INFO [Broker id=1] Follower __consumer_offsets-42 starts at leader epoch 1 from offset 0 with partition epoch 1 and high watermark 0. Current leader is -1. Previous leader Some(-1) and previous leader epoch was 1. (state.change.logger)
[2026-09-08 11:49:13,857] INFO [Broker id=1] Creating new partition orders-status-events-1 with topic id DlsNXtJjRH6-MGbRXDJxug. (state.change.logger)
[2026-09-08 11:49:13,857] INFO [Broker id=1] Follower orders-status-events-1 starts at leader epoch 1 from offset 0 with partition epoch 1 and high watermark 0. Current leader is -1. Previous leader Some(-1) and previous leader epoch was 1. (state.change.logger)
[2026-09-08 11:49:13,857] INFO [Broker id=1] Creating new partition __consumer_offsets-21 with topic id 6UobqpBvQOilfcquVH4dPA. (state.change.logger)
[2026-09-08 11:49:13,865] INFO [Broker id=1] Follower __consumer_offsets-21 starts at leader epoch 1 from offset 0 with partition epoch 1 and high watermark 0. Current leader is -1. Previous leader Some(-1) and previous leader epoch was 1. (state.change.logger)
[2026-09-08 11:49:13,865] INFO [Broker id=1] Creating new partition orders-status-retry-2 with topic id 1LOuiU4-RDmBnAgFTWCpYQ. (state.change.logger)
[2026-09-08 11:49:13,865] INFO [Broker id=1] Follower orders-status-retry-2 starts at leader epoch 1 from offset 0 with partition epoch 1 and high watermark 0. Current leader is -1. Previous leader Some(-1) and previous leader epoch was 1. (state.change.logger)
[2026-09-08 11:49:13,867] INFO [Broker id=1] Creating new partition __consumer_offsets-17 with topic id 6UobqpBvQOilfcquVH4dPA. (state.change.logger)
[2026-09-08 11:49:13,867] INFO [Broker id=1] Follower __consumer_offsets-17 starts at leader epoch 1 from offset 2 with partition epoch 1 and high watermark 2. Current leader is -1. Previous leader Some(-1) and previous leader epoch was 1. (state.change.logger)
[2026-09-08 11:49:13,867] INFO [Broker id=1] Creating new partition orders-dlq-2 with topic id z0SysKA1RiS3JG2yNXWZrA. (state.change.logger)
[2026-09-08 11:49:13,867] INFO [Broker id=1] Follower orders-dlq-2 starts at leader epoch 1 from offset 0 with partition epoch 1 and high watermark 0. Current leader is -1. Previous leader Some(-1) and previous leader epoch was 1. (state.change.logger)
[2026-09-08 11:49:13,867] INFO [Broker id=1] Creating new partition __consumer_offsets-30 with topic id 6UobqpBvQOilfcquVH4dPA. (state.change.logger)
[2026-09-08 11:49:13,867] INFO [Broker id=1] Follower __consumer_offsets-30 starts at leader epoch 1 from offset 0 with partition epoch 1 and high watermark 0. Current leader is -1. Previous leader Some(-1) and previous leader epoch was 1. (state.change.logger)
[2026-09-08 11:49:13,867] INFO [Broker id=1] Creating new partition orders-status-dlq-2 with topic id xoMwgjuxTjWHh98gZ7x87g. (state.change.logger)
[2026-09-08 11:49:13,867] INFO [Broker id=1] Follower orders-status-dlq-2 starts at leader epoch 1 from offset 0 with partition epoch 1 and high watermark 0. Current leader is -1. Previous leader Some(-1) and previous leader epoch was 1. (state.change.logger)
[2026-09-08 11:49:13,867] INFO [Broker id=1] Creating new partition __consumer_offsets-26 with topic id 6UobqpBvQOilfcquVH4dPA. (state.change.logger)
[2026-09-08 11:49:13,867] INFO [Broker id=1] Follower __consumer_offsets-26 starts at leader epoch 1 from offset 0 with partition epoch 1 and high watermark 0. Current leader is -1. Previous leader Some(-1) and previous leader epoch was 1. (state.change.logger)
[2026-09-08 11:49:13,867] INFO [Broker id=1] Creating new partition __consumer_offsets-5 with topic id 6UobqpBvQOilfcquVH4dPA. (state.change.logger)
[2026-09-08 11:49:13,867] INFO [Broker id=1] Follower __consumer_offsets-5 starts at leader epoch 1 from offset 0 with partition epoch 1 and high watermark 0. Current leader is -1. Previous leader Some(-1) and previous leader epoch was 1. (state.change.logger)
[2026-09-08 11:49:13,867] INFO [Broker id=1] Creating new partition orders-1 with topic id L_v_dTQdQ2ixr-Vvz7AlVA. (state.change.logger)
[2026-09-08 11:49:13,867] INFO [Broker id=1] Follower orders-1 starts at leader epoch 1 from offset 0 with partition epoch 1 and high watermark 0. Current leader is -1. Previous leader Some(-1) and previous leader epoch was 1. (state.change.logger)
[2026-09-08 11:49:13,867] INFO [Broker id=1] Creating new partition __consumer_offsets-38 with topic id 6UobqpBvQOilfcquVH4dPA. (state.change.logger)
[2026-09-08 11:49:13,867] INFO [Broker id=1] Follower __consumer_offsets-38 starts at leader epoch 1 from offset 0 with partition epoch 1 and high watermark 0. Current leader is -1. Previous leader Some(-1) and previous leader epoch was 1. (state.change.logger)
[2026-09-08 11:49:13,867] INFO [Broker id=1] Creating new partition __consumer_offsets-1 with topic id 6UobqpBvQOilfcquVH4dPA. (state.change.logger)
[2026-09-08 11:49:13,867] INFO [Broker id=1] Follower __consumer_offsets-1 starts at leader epoch 1 from offset 0 with partition epoch 1 and high watermark 0. Current leader is -1. Previous leader Some(-1) and previous leader epoch was 1. (state.change.logger)
[2026-09-08 11:49:13,867] INFO [Broker id=1] Creating new partition __consumer_offsets-34 with topic id 6UobqpBvQOilfcquVH4dPA. (state.change.logger)
[2026-09-08 11:49:13,867] INFO [Broker id=1] Follower __consumer_offsets-34 starts at leader epoch 1 from offset 0 with partition epoch 1 and high watermark 0. Current leader is -1. Previous leader Some(-1) and previous leader epoch was 1. (state.change.logger)
[2026-09-08 11:49:13,867] INFO [Broker id=1] Creating new partition __consumer_offsets-16 with topic id 6UobqpBvQOilfcquVH4dPA. (state.change.logger)
[2026-09-08 11:49:13,883] INFO [Broker id=1] Follower __consumer_offsets-16 starts at leader epoch 1 from offset 0 with partition epoch 1 and high watermark 0. Current leader is -1. Previous leader Some(-1) and previous leader epoch was 1. (state.change.logger)
[2026-09-08 11:49:13,883] INFO [Broker id=1] Creating new partition orders-retry-1 with topic id XeQcHnt3QOmNqNST8puAsw. (state.change.logger)
[2026-09-08 11:49:13,888] INFO [Broker id=1] Follower orders-retry-1 starts at leader epoch 1 from offset 0 with partition epoch 1 and high watermark 0. Current leader is -1. Previous leader Some(-1) and previous leader epoch was 1. (state.change.logger)
[2026-09-08 11:49:13,888] INFO [Broker id=1] Creating new partition __consumer_offsets-45 with topic id 6UobqpBvQOilfcquVH4dPA. (state.change.logger)
[2026-09-08 11:49:13,888] INFO [Broker id=1] Follower __consumer_offsets-45 starts at leader epoch 1 from offset 0 with partition epoch 1 and high watermark 0. Current leader is -1. Previous leader Some(-1) and previous leader epoch was 1. (state.change.logger)
[2026-09-08 11:49:13,888] INFO [Broker id=1] Creating new partition __consumer_offsets-12 with topic id 6UobqpBvQOilfcquVH4dPA. (state.change.logger)
[2026-09-08 11:49:13,888] INFO [Broker id=1] Follower __consumer_offsets-12 starts at leader epoch 1 from offset 0 with partition epoch 1 and high watermark 0. Current leader is -1. Previous leader Some(-1) and previous leader epoch was 1. (state.change.logger)
[2026-09-08 11:49:13,888] INFO [Broker id=1] Creating new partition __consumer_offsets-41 with topic id 6UobqpBvQOilfcquVH4dPA. (state.change.logger)
[2026-09-08 11:49:13,904] INFO [Broker id=1] Follower __consumer_offsets-41 starts at leader epoch 1 from offset 0 with partition epoch 1 and high watermark 0. Current leader is -1. Previous leader Some(-1) and previous leader epoch was 1. (state.change.logger)
[2026-09-08 11:49:13,904] INFO [Broker id=1] Creating new partition __consumer_offsets-24 with topic id 6UobqpBvQOilfcquVH4dPA. (state.change.logger)
[2026-09-08 11:49:13,904] INFO [Broker id=1] Follower __consumer_offsets-24 starts at leader epoch 1 from offset 0 with partition epoch 1 and high watermark 0. Current leader is -1. Previous leader Some(-1) and previous leader epoch was 1. (state.change.logger)
[2026-09-08 11:49:13,904] INFO [Broker id=1] Creating new partition orders-status-events-2 with topic id DlsNXtJjRH6-MGbRXDJxug. (state.change.logger)
[2026-09-08 11:49:13,904] INFO [Broker id=1] Follower orders-status-events-2 starts at leader epoch 1 from offset 0 with partition epoch 1 and high watermark 0. Current leader is -1. Previous leader Some(-1) and previous leader epoch was 1. (state.change.logger)
[2026-09-08 11:49:13,904] INFO [Broker id=1] Creating new partition orders-status-retry-1 with topic id 1LOuiU4-RDmBnAgFTWCpYQ. (state.change.logger)
[2026-09-08 11:49:13,904] INFO [Broker id=1] Follower orders-status-retry-1 starts at leader epoch 1 from offset 0 with partition epoch 1 and high watermark 0. Current leader is -1. Previous leader Some(-1) and previous leader epoch was 1. (state.change.logger)
[2026-09-08 11:49:13,904] INFO [Broker id=1] Creating new partition __consumer_offsets-20 with topic id 6UobqpBvQOilfcquVH4dPA. (state.change.logger)
[2026-09-08 11:49:13,904] INFO [Broker id=1] Follower __consumer_offsets-20 starts at leader epoch 1 from offset 0 with partition epoch 1 and high watermark 0. Current leader is -1. Previous leader Some(-1) and previous leader epoch was 1. (state.change.logger)
[2026-09-08 11:49:13,904] INFO [Broker id=1] Creating new partition __consumer_offsets-49 with topic id 6UobqpBvQOilfcquVH4dPA. (state.change.logger)
[2026-09-08 11:49:13,904] INFO [Broker id=1] Follower __consumer_offsets-49 starts at leader epoch 1 from offset 0 with partition epoch 1 and high watermark 0. Current leader is -1. Previous leader Some(-1) and previous leader epoch was 1. (state.change.logger)
[2026-09-08 11:49:13,904] INFO [Broker id=1] Creating new partition __consumer_offsets-0 with topic id 6UobqpBvQOilfcquVH4dPA. (state.change.logger)
[2026-09-08 11:49:13,904] INFO [Broker id=1] Follower __consumer_offsets-0 starts at leader epoch 1 from offset 0 with partition epoch 1 and high watermark 0. Current leader is -1. Previous leader Some(-1) and previous leader epoch was 1. (state.change.logger)
[2026-09-08 11:49:13,904] INFO [Broker id=1] Creating new partition __consumer_offsets-29 with topic id 6UobqpBvQOilfcquVH4dPA. (state.change.logger)
[2026-09-08 11:49:13,904] INFO [Broker id=1] Follower __consumer_offsets-29 starts at leader epoch 1 from offset 0 with partition epoch 1 and high watermark 0. Current leader is -1. Previous leader Some(-1) and previous leader epoch was 1. (state.change.logger)
[2026-09-08 11:49:13,904] INFO [Broker id=1] Creating new partition orders-status-dlq-1 with topic id xoMwgjuxTjWHh98gZ7x87g. (state.change.logger)
[2026-09-08 11:49:13,920] INFO [Broker id=1] Follower orders-status-dlq-1 starts at leader epoch 1 from offset 0 with partition epoch 1 and high watermark 0. Current leader is -1. Previous leader Some(-1) and previous leader epoch was 1. (state.change.logger)
[2026-09-08 11:49:13,920] INFO [Broker id=1] Creating new partition __consumer_offsets-25 with topic id 6UobqpBvQOilfcquVH4dPA. (state.change.logger)
[2026-09-08 11:49:13,920] INFO [Broker id=1] Follower __consumer_offsets-25 starts at leader epoch 1 from offset 0 with partition epoch 1 and high watermark 0. Current leader is -1. Previous leader Some(-1) and previous leader epoch was 1. (state.change.logger)
[2026-09-08 11:49:13,920] INFO [Broker id=1] Creating new partition __consumer_offsets-8 with topic id 6UobqpBvQOilfcquVH4dPA. (state.change.logger)
[2026-09-08 11:49:13,920] INFO [Broker id=1] Follower __consumer_offsets-8 starts at leader epoch 1 from offset 0 with partition epoch 1 and high watermark 0. Current leader is -1. Previous leader Some(-1) and previous leader epoch was 1. (state.change.logger)
[2026-09-08 11:49:13,920] INFO [Broker id=1] Creating new partition __consumer_offsets-37 with topic id 6UobqpBvQOilfcquVH4dPA. (state.change.logger)
[2026-09-08 11:49:13,924] INFO [Broker id=1] Follower __consumer_offsets-37 starts at leader epoch 1 from offset 0 with partition epoch 1 and high watermark 0. Current leader is -1. Previous leader Some(-1) and previous leader epoch was 1. (state.change.logger)
[2026-09-08 11:49:13,924] INFO [Broker id=1] Creating new partition orders-2 with topic id L_v_dTQdQ2ixr-Vvz7AlVA. (state.change.logger)
[2026-09-08 11:49:13,924] INFO [Broker id=1] Follower orders-2 starts at leader epoch 1 from offset 0 with partition epoch 1 and high watermark 0. Current leader is -1. Previous leader Some(-1) and previous leader epoch was 1. (state.change.logger)
[2026-09-08 11:49:13,924] INFO [Broker id=1] Creating new partition __consumer_offsets-4 with topic id 6UobqpBvQOilfcquVH4dPA. (state.change.logger)
[2026-09-08 11:49:13,924] INFO [Broker id=1] Follower __consumer_offsets-4 starts at leader epoch 1 from offset 0 with partition epoch 1 and high watermark 0. Current leader is -1. Previous leader Some(-1) and previous leader epoch was 1. (state.change.logger)
[2026-09-08 11:49:13,924] INFO [Broker id=1] Creating new partition __consumer_offsets-33 with topic id 6UobqpBvQOilfcquVH4dPA. (state.change.logger)
[2026-09-08 11:49:13,924] INFO [Broker id=1] Follower __consumer_offsets-33 starts at leader epoch 1 from offset 0 with partition epoch 1 and high watermark 0. Current leader is -1. Previous leader Some(-1) and previous leader epoch was 1. (state.change.logger)
[2026-09-08 11:49:13,924] INFO [Broker id=1] Creating new partition orders-retry-2 with topic id XeQcHnt3QOmNqNST8puAsw. (state.change.logger)
[2026-09-08 11:49:13,924] INFO [Broker id=1] Follower orders-retry-2 starts at leader epoch 1 from offset 0 with partition epoch 1 and high watermark 0. Current leader is -1. Previous leader Some(-1) and previous leader epoch was 1. (state.change.logger)
[2026-09-08 11:49:13,924] INFO [Broker id=1] Creating new partition __consumer_offsets-15 with topic id 6UobqpBvQOilfcquVH4dPA. (state.change.logger)
[2026-09-08 11:49:13,924] INFO [Broker id=1] Follower __consumer_offsets-15 starts at leader epoch 1 from offset 0 with partition epoch 1 and high watermark 0. Current leader is -1. Previous leader Some(-1) and previous leader epoch was 1. (state.change.logger)
[2026-09-08 11:49:13,924] INFO [Broker id=1] Creating new partition __consumer_offsets-48 with topic id 6UobqpBvQOilfcquVH4dPA. (state.change.logger)
[2026-09-08 11:49:13,924] INFO [Broker id=1] Follower __consumer_offsets-48 starts at leader epoch 1 from offset 0 with partition epoch 1 and high watermark 0. Current leader is -1. Previous leader Some(-1) and previous leader epoch was 1. (state.change.logger)
[2026-09-08 11:49:13,924] INFO [Broker id=1] Creating new partition __consumer_offsets-11 with topic id 6UobqpBvQOilfcquVH4dPA. (state.change.logger)
[2026-09-08 11:49:13,924] INFO [Broker id=1] Follower __consumer_offsets-11 starts at leader epoch 1 from offset 0 with partition epoch 1 and high watermark 0. Current leader is -1. Previous leader Some(-1) and previous leader epoch was 1. (state.change.logger)
[2026-09-08 11:49:13,924] INFO [Broker id=1] Creating new partition __consumer_offsets-44 with topic id 6UobqpBvQOilfcquVH4dPA. (state.change.logger)
[2026-09-08 11:49:13,935] INFO [Broker id=1] Follower __consumer_offsets-44 starts at leader epoch 1 from offset 0 with partition epoch 1 and high watermark 0. Current leader is -1. Previous leader Some(-1) and previous leader epoch was 1. (state.change.logger)
[2026-09-08 11:49:13,935] INFO [Broker id=1] Creating new partition __consumer_offsets-23 with topic id 6UobqpBvQOilfcquVH4dPA. (state.change.logger)
[2026-09-08 11:49:13,935] INFO [Broker id=1] Follower __consumer_offsets-23 starts at leader epoch 1 from offset 0 with partition epoch 1 and high watermark 0. Current leader is -1. Previous leader Some(-1) and previous leader epoch was 1. (state.change.logger)
[2026-09-08 11:49:13,935] INFO [Broker id=1] Creating new partition __consumer_offsets-19 with topic id 6UobqpBvQOilfcquVH4dPA. (state.change.logger)
[2026-09-08 11:49:13,935] INFO [Broker id=1] Follower __consumer_offsets-19 starts at leader epoch 1 from offset 0 with partition epoch 1 and high watermark 0. Current leader is -1. Previous leader Some(-1) and previous leader epoch was 1. (state.change.logger)
[2026-09-08 11:49:13,935] INFO [Broker id=1] Creating new partition orders-dlq-0 with topic id z0SysKA1RiS3JG2yNXWZrA. (state.change.logger)
[2026-09-08 11:49:13,935] INFO [Broker id=1] Follower orders-dlq-0 starts at leader epoch 1 from offset 0 with partition epoch 1 and high watermark 0. Current leader is -1. Previous leader Some(-1) and previous leader epoch was 1. (state.change.logger)
[2026-09-08 11:49:13,935] INFO [Broker id=1] Creating new partition orders-status-retry-0 with topic id 1LOuiU4-RDmBnAgFTWCpYQ. (state.change.logger)
[2026-09-08 11:49:13,942] INFO [Broker id=1] Follower orders-status-retry-0 starts at leader epoch 1 from offset 0 with partition epoch 1 and high watermark 0. Current leader is -1. Previous leader Some(-1) and previous leader epoch was 1. (state.change.logger)
[2026-09-08 11:49:13,942] INFO [Broker id=1] Creating new partition __consumer_offsets-32 with topic id 6UobqpBvQOilfcquVH4dPA. (state.change.logger)
[2026-09-08 11:49:13,943] INFO [Broker id=1] Follower __consumer_offsets-32 starts at leader epoch 1 from offset 0 with partition epoch 1 and high watermark 0. Current leader is -1. Previous leader Some(-1) and previous leader epoch was 1. (state.change.logger)
[2026-09-08 11:49:13,943] INFO [Broker id=1] Creating new partition orders-status-dlq-0 with topic id xoMwgjuxTjWHh98gZ7x87g. (state.change.logger)
[2026-09-08 11:49:13,943] INFO [Broker id=1] Follower orders-status-dlq-0 starts at leader epoch 1 from offset 0 with partition epoch 1 and high watermark 0. Current leader is -1. Previous leader Some(-1) and previous leader epoch was 1. (state.change.logger)
[2026-09-08 11:49:13,943] INFO [Broker id=1] Creating new partition __consumer_offsets-28 with topic id 6UobqpBvQOilfcquVH4dPA. (state.change.logger)
[2026-09-08 11:49:13,943] INFO [Broker id=1] Follower __consumer_offsets-28 starts at leader epoch 1 from offset 0 with partition epoch 1 and high watermark 0. Current leader is -1. Previous leader Some(-1) and previous leader epoch was 1. (state.change.logger)
[2026-09-08 11:49:13,943] INFO [Broker id=1] Creating new partition __consumer_offsets-7 with topic id 6UobqpBvQOilfcquVH4dPA. (state.change.logger)
[2026-09-08 11:49:13,943] INFO [Broker id=1] Follower __consumer_offsets-7 starts at leader epoch 1 from offset 0 with partition epoch 1 and high watermark 0. Current leader is -1. Previous leader Some(-1) and previous leader epoch was 1. (state.change.logger)
[2026-09-08 11:49:13,943] INFO [Broker id=1] Creating new partition __consumer_offsets-40 with topic id 6UobqpBvQOilfcquVH4dPA. (state.change.logger)
[2026-09-08 11:49:13,943] INFO [Broker id=1] Follower __consumer_offsets-40 starts at leader epoch 1 from offset 0 with partition epoch 1 and high watermark 0. Current leader is -1. Previous leader Some(-1) and previous leader epoch was 1. (state.change.logger)
[2026-09-08 11:49:13,943] INFO [Broker id=1] Creating new partition __consumer_offsets-3 with topic id 6UobqpBvQOilfcquVH4dPA. (state.change.logger)
[2026-09-08 11:49:13,943] INFO [Broker id=1] Follower __consumer_offsets-3 starts at leader epoch 1 from offset 0 with partition epoch 1 and high watermark 0. Current leader is -1. Previous leader Some(-1) and previous leader epoch was 1. (state.change.logger)
[2026-09-08 11:49:13,943] INFO [Broker id=1] Creating new partition __consumer_offsets-36 with topic id 6UobqpBvQOilfcquVH4dPA. (state.change.logger)
[2026-09-08 11:49:13,943] INFO [Broker id=1] Follower __consumer_offsets-36 starts at leader epoch 1 from offset 1 with partition epoch 1 and high watermark 1. Current leader is -1. Previous leader Some(-1) and previous leader epoch was 1. (state.change.logger)
[2026-09-08 11:49:13,943] INFO [Broker id=1] Creating new partition __consumer_offsets-47 with topic id 6UobqpBvQOilfcquVH4dPA. (state.change.logger)
[2026-09-08 11:49:13,943] INFO [Broker id=1] Follower __consumer_offsets-47 starts at leader epoch 1 from offset 0 with partition epoch 1 and high watermark 0. Current leader is -1. Previous leader Some(-1) and previous leader epoch was 1. (state.change.logger)
[2026-09-08 11:49:13,943] INFO [Broker id=1] Creating new partition __consumer_offsets-14 with topic id 6UobqpBvQOilfcquVH4dPA. (state.change.logger)
[2026-09-08 11:49:13,953] INFO [Broker id=1] Follower __consumer_offsets-14 starts at leader epoch 1 from offset 0 with partition epoch 1 and high watermark 0. Current leader is -1. Previous leader Some(-1) and previous leader epoch was 1. (state.change.logger)
[2026-09-08 11:49:13,953] INFO [Broker id=1] Creating new partition __consumer_offsets-43 with topic id 6UobqpBvQOilfcquVH4dPA. (state.change.logger)
[2026-09-08 11:49:13,953] INFO [Broker id=1] Follower __consumer_offsets-43 starts at leader epoch 1 from offset 0 with partition epoch 1 and high watermark 0. Current leader is -1. Previous leader Some(-1) and previous leader epoch was 1. (state.change.logger)
[2026-09-08 11:49:13,953] INFO [Broker id=1] Creating new partition __consumer_offsets-10 with topic id 6UobqpBvQOilfcquVH4dPA. (state.change.logger)
[2026-09-08 11:49:13,953] INFO [Broker id=1] Follower __consumer_offsets-10 starts at leader epoch 1 from offset 0 with partition epoch 1 and high watermark 0. Current leader is -1. Previous leader Some(-1) and previous leader epoch was 1. (state.change.logger)
[2026-09-08 11:49:13,953] INFO [Broker id=1] Creating new partition orders-status-events-0 with topic id DlsNXtJjRH6-MGbRXDJxug. (state.change.logger)
[2026-09-08 11:49:13,953] INFO [Broker id=1] Follower orders-status-events-0 starts at leader epoch 1 from offset 0 with partition epoch 1 and high watermark 0. Current leader is -1. Previous leader Some(-1) and previous leader epoch was 1. (state.change.logger)
[2026-09-08 11:49:13,953] INFO [Broker id=1] Creating new partition __consumer_offsets-22 with topic id 6UobqpBvQOilfcquVH4dPA. (state.change.logger)
[2026-09-08 11:49:13,953] INFO [Broker id=1] Follower __consumer_offsets-22 starts at leader epoch 1 from offset 0 with partition epoch 1 and high watermark 0. Current leader is -1. Previous leader Some(-1) and previous leader epoch was 1. (state.change.logger)
[2026-09-08 11:49:13,953] INFO [Broker id=1] Creating new partition orders-dlq-1 with topic id z0SysKA1RiS3JG2yNXWZrA. (state.change.logger)
[2026-09-08 11:49:13,953] INFO [Broker id=1] Follower orders-dlq-1 starts at leader epoch 1 from offset 0 with partition epoch 1 and high watermark 0. Current leader is -1. Previous leader Some(-1) and previous leader epoch was 1. (state.change.logger)
[2026-09-08 11:49:13,953] INFO [Broker id=1] Creating new partition __consumer_offsets-18 with topic id 6UobqpBvQOilfcquVH4dPA. (state.change.logger)
[2026-09-08 11:49:13,953] INFO [Broker id=1] Follower __consumer_offsets-18 starts at leader epoch 1 from offset 0 with partition epoch 1 and high watermark 0. Current leader is -1. Previous leader Some(-1) and previous leader epoch was 1. (state.change.logger)
[2026-09-08 11:49:13,953] INFO [Broker id=1] Creating new partition __consumer_offsets-31 with topic id 6UobqpBvQOilfcquVH4dPA. (state.change.logger)
[2026-09-08 11:49:13,953] INFO [Broker id=1] Follower __consumer_offsets-31 starts at leader epoch 1 from offset 0 with partition epoch 1 and high watermark 0. Current leader is -1. Previous leader Some(-1) and previous leader epoch was 1. (state.change.logger)
[2026-09-08 11:49:13,953] INFO [Broker id=1] Creating new partition __consumer_offsets-27 with topic id 6UobqpBvQOilfcquVH4dPA. (state.change.logger)
[2026-09-08 11:49:13,953] INFO [Broker id=1] Follower __consumer_offsets-27 starts at leader epoch 1 from offset 0 with partition epoch 1 and high watermark 0. Current leader is -1. Previous leader Some(-1) and previous leader epoch was 1. (state.change.logger)
[2026-09-08 11:49:13,953] INFO [Broker id=1] Creating new partition order-status-retry-0 with topic id MagUeYYbTRiBHQaCfX4OaA. (state.change.logger)
[2026-09-08 11:49:13,953] INFO [Broker id=1] Follower order-status-retry-0 starts at leader epoch 1 from offset 0 with partition epoch 1 and high watermark 0. Current leader is -1. Previous leader Some(-1) and previous leader epoch was 1. (state.change.logger)
[2026-09-08 11:49:13,953] INFO [Broker id=1] Creating new partition __consumer_offsets-39 with topic id 6UobqpBvQOilfcquVH4dPA. (state.change.logger)
[2026-09-08 11:49:13,953] INFO [Broker id=1] Follower __consumer_offsets-39 starts at leader epoch 1 from offset 0 with partition epoch 1 and high watermark 0. Current leader is -1. Previous leader Some(-1) and previous leader epoch was 1. (state.change.logger)
[2026-09-08 11:49:13,953] INFO [Broker id=1] Creating new partition orders-0 with topic id L_v_dTQdQ2ixr-Vvz7AlVA. (state.change.logger)
[2026-09-08 11:49:13,953] INFO [Broker id=1] Follower orders-0 starts at leader epoch 1 from offset 0 with partition epoch 1 and high watermark 0. Current leader is -1. Previous leader Some(-1) and previous leader epoch was 1. (state.change.logger)
[2026-09-08 11:49:13,953] INFO [Broker id=1] Creating new partition __consumer_offsets-6 with topic id 6UobqpBvQOilfcquVH4dPA. (state.change.logger)
[2026-09-08 11:49:13,953] INFO [Broker id=1] Follower __consumer_offsets-6 starts at leader epoch 1 from offset 0 with partition epoch 1 and high watermark 0. Current leader is -1. Previous leader Some(-1) and previous leader epoch was 1. (state.change.logger)
[2026-09-08 11:49:13,953] INFO [Broker id=1] Creating new partition __consumer_offsets-35 with topic id 6UobqpBvQOilfcquVH4dPA. (state.change.logger)
[2026-09-08 11:49:13,969] INFO [Broker id=1] Follower __consumer_offsets-35 starts at leader epoch 1 from offset 0 with partition epoch 1 and high watermark 0. Current leader is -1. Previous leader Some(-1) and previous leader epoch was 1. (state.change.logger)
[2026-09-08 11:49:13,969] INFO [Broker id=1] Creating new partition order-status-events-0 with topic id gJdSe7KvSiSnDywcrXA2Qg. (state.change.logger)
[2026-09-08 11:49:13,969] INFO [Broker id=1] Follower order-status-events-0 starts at leader epoch 1 from offset 0 with partition epoch 1 and high watermark 0. Current leader is -1. Previous leader Some(-1) and previous leader epoch was 1. (state.change.logger)
[2026-09-08 11:49:13,969] INFO [Broker id=1] Creating new partition __consumer_offsets-2 with topic id 6UobqpBvQOilfcquVH4dPA. (state.change.logger)
[2026-09-08 11:49:13,969] INFO [Broker id=1] Follower __consumer_offsets-2 starts at leader epoch 1 from offset 0 with partition epoch 1 and high watermark 0. Current leader is -1. Previous leader Some(-1) and previous leader epoch was 1. (state.change.logger)
[2026-09-08 11:49:13,969] INFO [Broker id=1] Stopped fetchers as part of become-follower for 70 partitions (state.change.logger)
[2026-09-08 11:49:13,982] INFO [Broker id=1] Started fetchers as part of become-follower for 70 partitions (state.change.logger)
[2026-09-08 11:49:14,164] INFO [Broker id=1] Transitioning 70 partition(s) to local leaders. (state.change.logger)
[2026-09-08 11:49:14,196] INFO [Broker id=1] Leader orders-retry-0 with topic id Some(XeQcHnt3QOmNqNST8puAsw) starts at leader epoch 2 from offset 0 with partition epoch 2, high watermark 0, ISR [1], adding replicas [] and removing replicas [] . Previous leader Some(-1) and previous leader epoch was 1. (state.change.logger)
[2026-09-08 11:49:14,196] INFO [Broker id=1] Leader __consumer_offsets-13 with topic id Some(6UobqpBvQOilfcquVH4dPA) starts at leader epoch 2 from offset 0 with partition epoch 2, high watermark 0, ISR [1], adding replicas [] and removing replicas [] . Previous leader Some(-1) and previous leader epoch was 1. (state.change.logger)
[2026-09-08 11:49:14,196] INFO [Broker id=1] Leader __consumer_offsets-46 with topic id Some(6UobqpBvQOilfcquVH4dPA) starts at leader epoch 2 from offset 0 with partition epoch 2, high watermark 0, ISR [1], adding replicas [] and removing replicas [] . Previous leader Some(-1) and previous leader epoch was 1. (state.change.logger)
[2026-09-08 11:49:14,213] INFO [Broker id=1] Leader __consumer_offsets-9 with topic id Some(6UobqpBvQOilfcquVH4dPA) starts at leader epoch 2 from offset 0 with partition epoch 2, high watermark 0, ISR [1], adding replicas [] and removing replicas [] . Previous leader Some(-1) and previous leader epoch was 1. (state.change.logger)
[2026-09-08 11:49:14,213] INFO [Broker id=1] Leader __consumer_offsets-42 with topic id Some(6UobqpBvQOilfcquVH4dPA) starts at leader epoch 2 from offset 0 with partition epoch 2, high watermark 0, ISR [1], adding replicas [] and removing replicas [] . Previous leader Some(-1) and previous leader epoch was 1. (state.change.logger)
[2026-09-08 11:49:14,223] INFO [Broker id=1] Leader orders-status-events-1 with topic id Some(DlsNXtJjRH6-MGbRXDJxug) starts at leader epoch 2 from offset 0 with partition epoch 2, high watermark 0, ISR [1], adding replicas [] and removing replicas [] . Previous leader Some(-1) and previous leader epoch was 1. (state.change.logger)
[2026-09-08 11:49:14,223] INFO [Broker id=1] Leader __consumer_offsets-21 with topic id Some(6UobqpBvQOilfcquVH4dPA) starts at leader epoch 2 from offset 0 with partition epoch 2, high watermark 0, ISR [1], adding replicas [] and removing replicas [] . Previous leader Some(-1) and previous leader epoch was 1. (state.change.logger)
[2026-09-08 11:49:14,223] INFO [Broker id=1] Leader orders-status-retry-2 with topic id Some(1LOuiU4-RDmBnAgFTWCpYQ) starts at leader epoch 2 from offset 0 with partition epoch 2, high watermark 0, ISR [1], adding replicas [] and removing replicas [] . Previous leader Some(-1) and previous leader epoch was 1. (state.change.logger)
[2026-09-08 11:49:14,238] INFO [Broker id=1] Leader __consumer_offsets-17 with topic id Some(6UobqpBvQOilfcquVH4dPA) starts at leader epoch 2 from offset 2 with partition epoch 2, high watermark 2, ISR [1], adding replicas [] and removing replicas [] . Previous leader Some(-1) and previous leader epoch was 1. (state.change.logger)
[2026-09-08 11:49:14,241] INFO [Broker id=1] Leader orders-dlq-2 with topic id Some(z0SysKA1RiS3JG2yNXWZrA) starts at leader epoch 2 from offset 0 with partition epoch 2, high watermark 0, ISR [1], adding replicas [] and removing replicas [] . Previous leader Some(-1) and previous leader epoch was 1. (state.change.logger)
[2026-09-08 11:49:14,241] INFO [Broker id=1] Leader __consumer_offsets-30 with topic id Some(6UobqpBvQOilfcquVH4dPA) starts at leader epoch 2 from offset 0 with partition epoch 2, high watermark 0, ISR [1], adding replicas [] and removing replicas [] . Previous leader Some(-1) and previous leader epoch was 1. (state.change.logger)
[2026-09-08 11:49:14,241] INFO [Broker id=1] Leader orders-status-dlq-2 with topic id Some(xoMwgjuxTjWHh98gZ7x87g) starts at leader epoch 2 from offset 0 with partition epoch 2, high watermark 0, ISR [1], adding replicas [] and removing replicas [] . Previous leader Some(-1) and previous leader epoch was 1. (state.change.logger)
[2026-09-08 11:49:14,257] INFO [Broker id=1] Leader __consumer_offsets-26 with topic id Some(6UobqpBvQOilfcquVH4dPA) starts at leader epoch 2 from offset 0 with partition epoch 2, high watermark 0, ISR [1], adding replicas [] and removing replicas [] . Previous leader Some(-1) and previous leader epoch was 1. (state.change.logger)
[2026-09-08 11:49:14,264] INFO [Broker id=1] Leader __consumer_offsets-5 with topic id Some(6UobqpBvQOilfcquVH4dPA) starts at leader epoch 2 from offset 0 with partition epoch 2, high watermark 0, ISR [1], adding replicas [] and removing replicas [] . Previous leader Some(-1) and previous leader epoch was 1. (state.change.logger)
[2026-09-08 11:49:14,267] INFO [Broker id=1] Leader orders-1 with topic id Some(L_v_dTQdQ2ixr-Vvz7AlVA) starts at leader epoch 2 from offset 0 with partition epoch 2, high watermark 0, ISR [1], adding replicas [] and removing replicas [] . Previous leader Some(-1) and previous leader epoch was 1. (state.change.logger)
[2026-09-08 11:49:14,267] INFO [Broker id=1] Leader __consumer_offsets-38 with topic id Some(6UobqpBvQOilfcquVH4dPA) starts at leader epoch 2 from offset 0 with partition epoch 2, high watermark 0, ISR [1], adding replicas [] and removing replicas [] . Previous leader Some(-1) and previous leader epoch was 1. (state.change.logger)
[2026-09-08 11:49:14,267] INFO [Broker id=1] Leader __consumer_offsets-1 with topic id Some(6UobqpBvQOilfcquVH4dPA) starts at leader epoch 2 from offset 0 with partition epoch 2, high watermark 0, ISR [1], adding replicas [] and removing replicas [] . Previous leader Some(-1) and previous leader epoch was 1. (state.change.logger)
[2026-09-08 11:49:14,283] INFO [Broker id=1] Leader __consumer_offsets-34 with topic id Some(6UobqpBvQOilfcquVH4dPA) starts at leader epoch 2 from offset 0 with partition epoch 2, high watermark 0, ISR [1], adding replicas [] and removing replicas [] . Previous leader Some(-1) and previous leader epoch was 1. (state.change.logger)
[2026-09-08 11:49:14,283] INFO [Broker id=1] Leader __consumer_offsets-16 with topic id Some(6UobqpBvQOilfcquVH4dPA) starts at leader epoch 2 from offset 0 with partition epoch 2, high watermark 0, ISR [1], adding replicas [] and removing replicas [] . Previous leader Some(-1) and previous leader epoch was 1. (state.change.logger)
[2026-09-08 11:49:14,295] INFO [Broker id=1] Leader orders-retry-1 with topic id Some(XeQcHnt3QOmNqNST8puAsw) starts at leader epoch 2 from offset 0 with partition epoch 2, high watermark 0, ISR [1], adding replicas [] and removing replicas [] . Previous leader Some(-1) and previous leader epoch was 1. (state.change.logger)
[2026-09-08 11:49:14,295] INFO [Broker id=1] Leader __consumer_offsets-45 with topic id Some(6UobqpBvQOilfcquVH4dPA) starts at leader epoch 2 from offset 0 with partition epoch 2, high watermark 0, ISR [1], adding replicas [] and removing replicas [] . Previous leader Some(-1) and previous leader epoch was 1. (state.change.logger)
[2026-09-08 11:49:14,295] INFO [Broker id=1] Leader __consumer_offsets-12 with topic id Some(6UobqpBvQOilfcquVH4dPA) starts at leader epoch 2 from offset 0 with partition epoch 2, high watermark 0, ISR [1], adding replicas [] and removing replicas [] . Previous leader Some(-1) and previous leader epoch was 1. (state.change.logger)
[2026-09-08 11:49:14,311] INFO [Broker id=1] Leader __consumer_offsets-41 with topic id Some(6UobqpBvQOilfcquVH4dPA) starts at leader epoch 2 from offset 0 with partition epoch 2, high watermark 0, ISR [1], adding replicas [] and removing replicas [] . Previous leader Some(-1) and previous leader epoch was 1. (state.change.logger)
[2026-09-08 11:49:14,316] INFO [Broker id=1] Leader __consumer_offsets-24 with topic id Some(6UobqpBvQOilfcquVH4dPA) starts at leader epoch 2 from offset 0 with partition epoch 2, high watermark 0, ISR [1], adding replicas [] and removing replicas [] . Previous leader Some(-1) and previous leader epoch was 1. (state.change.logger)
[2026-09-08 11:49:14,322] INFO [Broker id=1] Leader orders-status-events-2 with topic id Some(DlsNXtJjRH6-MGbRXDJxug) starts at leader epoch 2 from offset 0 with partition epoch 2, high watermark 0, ISR [1], adding replicas [] and removing replicas [] . Previous leader Some(-1) and previous leader epoch was 1. (state.change.logger)
[2026-09-08 11:49:14,322] INFO [Broker id=1] Leader orders-status-retry-1 with topic id Some(1LOuiU4-RDmBnAgFTWCpYQ) starts at leader epoch 2 from offset 0 with partition epoch 2, high watermark 0, ISR [1], adding replicas [] and removing replicas [] . Previous leader Some(-1) and previous leader epoch was 1. (state.change.logger)
[2026-09-08 11:49:14,322] INFO [Broker id=1] Leader __consumer_offsets-20 with topic id Some(6UobqpBvQOilfcquVH4dPA) starts at leader epoch 2 from offset 0 with partition epoch 2, high watermark 0, ISR [1], adding replicas [] and removing replicas [] . Previous leader Some(-1) and previous leader epoch was 1. (state.change.logger)
[2026-09-08 11:49:14,322] INFO [Broker id=1] Leader __consumer_offsets-49 with topic id Some(6UobqpBvQOilfcquVH4dPA) starts at leader epoch 2 from offset 0 with partition epoch 2, high watermark 0, ISR [1], adding replicas [] and removing replicas [] . Previous leader Some(-1) and previous leader epoch was 1. (state.change.logger)
[2026-09-08 11:49:14,341] INFO [Broker id=1] Leader __consumer_offsets-0 with topic id Some(6UobqpBvQOilfcquVH4dPA) starts at leader epoch 2 from offset 0 with partition epoch 2, high watermark 0, ISR [1], adding replicas [] and removing replicas [] . Previous leader Some(-1) and previous leader epoch was 1. (state.change.logger)
[2026-09-08 11:49:14,341] INFO [Broker id=1] Leader __consumer_offsets-29 with topic id Some(6UobqpBvQOilfcquVH4dPA) starts at leader epoch 2 from offset 0 with partition epoch 2, high watermark 0, ISR [1], adding replicas [] and removing replicas [] . Previous leader Some(-1) and previous leader epoch was 1. (state.change.logger)
[2026-09-08 11:49:14,341] INFO [Broker id=1] Leader orders-status-dlq-1 with topic id Some(xoMwgjuxTjWHh98gZ7x87g) starts at leader epoch 2 from offset 0 with partition epoch 2, high watermark 0, ISR [1], adding replicas [] and removing replicas [] . Previous leader Some(-1) and previous leader epoch was 1. (state.change.logger)
[2026-09-08 11:49:14,354] INFO [Broker id=1] Leader __consumer_offsets-25 with topic id Some(6UobqpBvQOilfcquVH4dPA) starts at leader epoch 2 from offset 0 with partition epoch 2, high watermark 0, ISR [1], adding replicas [] and removing replicas [] . Previous leader Some(-1) and previous leader epoch was 1. (state.change.logger)
[2026-09-08 11:49:14,354] INFO [Broker id=1] Leader __consumer_offsets-8 with topic id Some(6UobqpBvQOilfcquVH4dPA) starts at leader epoch 2 from offset 0 with partition epoch 2, high watermark 0, ISR [1], adding replicas [] and removing replicas [] . Previous leader Some(-1) and previous leader epoch was 1. (state.change.logger)
[2026-09-08 11:49:14,364] INFO [Broker id=1] Leader __consumer_offsets-37 with topic id Some(6UobqpBvQOilfcquVH4dPA) starts at leader epoch 2 from offset 0 with partition epoch 2, high watermark 0, ISR [1], adding replicas [] and removing replicas [] . Previous leader Some(-1) and previous leader epoch was 1. (state.change.logger)
[2026-09-08 11:49:14,370] INFO [Broker id=1] Leader orders-2 with topic id Some(L_v_dTQdQ2ixr-Vvz7AlVA) starts at leader epoch 2 from offset 0 with partition epoch 2, high watermark 0, ISR [1], adding replicas [] and removing replicas [] . Previous leader Some(-1) and previous leader epoch was 1. (state.change.logger)
[2026-09-08 11:49:14,370] INFO [Broker id=1] Leader __consumer_offsets-4 with topic id Some(6UobqpBvQOilfcquVH4dPA) starts at leader epoch 2 from offset 0 with partition epoch 2, high watermark 0, ISR [1], adding replicas [] and removing replicas [] . Previous leader Some(-1) and previous leader epoch was 1. (state.change.logger)
[2026-09-08 11:49:14,380] INFO [Broker id=1] Leader __consumer_offsets-33 with topic id Some(6UobqpBvQOilfcquVH4dPA) starts at leader epoch 2 from offset 0 with partition epoch 2, high watermark 0, ISR [1], adding replicas [] and removing replicas [] . Previous leader Some(-1) and previous leader epoch was 1. (state.change.logger)
[2026-09-08 11:49:14,380] INFO [Broker id=1] Leader orders-retry-2 with topic id Some(XeQcHnt3QOmNqNST8puAsw) starts at leader epoch 2 from offset 0 with partition epoch 2, high watermark 0, ISR [1], adding replicas [] and removing replicas [] . Previous leader Some(-1) and previous leader epoch was 1. (state.change.logger)
[2026-09-08 11:49:14,391] INFO [Broker id=1] Leader __consumer_offsets-15 with topic id Some(6UobqpBvQOilfcquVH4dPA) starts at leader epoch 2 from offset 0 with partition epoch 2, high watermark 0, ISR [1], adding replicas [] and removing replicas [] . Previous leader Some(-1) and previous leader epoch was 1. (state.change.logger)
[2026-09-08 11:49:14,397] INFO [Broker id=1] Leader __consumer_offsets-48 with topic id Some(6UobqpBvQOilfcquVH4dPA) starts at leader epoch 2 from offset 0 with partition epoch 2, high watermark 0, ISR [1], adding replicas [] and removing replicas [] . Previous leader Some(-1) and previous leader epoch was 1. (state.change.logger)
[2026-09-08 11:49:14,401] INFO [Broker id=1] Leader __consumer_offsets-11 with topic id Some(6UobqpBvQOilfcquVH4dPA) starts at leader epoch 2 from offset 0 with partition epoch 2, high watermark 0, ISR [1], adding replicas [] and removing replicas [] . Previous leader Some(-1) and previous leader epoch was 1. (state.change.logger)
[2026-09-08 11:49:14,401] INFO [Broker id=1] Leader __consumer_offsets-44 with topic id Some(6UobqpBvQOilfcquVH4dPA) starts at leader epoch 2 from offset 0 with partition epoch 2, high watermark 0, ISR [1], adding replicas [] and removing replicas [] . Previous leader Some(-1) and previous leader epoch was 1. (state.change.logger)
[2026-09-08 11:49:14,401] INFO [Broker id=1] Leader __consumer_offsets-23 with topic id Some(6UobqpBvQOilfcquVH4dPA) starts at leader epoch 2 from offset 0 with partition epoch 2, high watermark 0, ISR [1], adding replicas [] and removing replicas [] . Previous leader Some(-1) and previous leader epoch was 1. (state.change.logger)
[2026-09-08 11:49:14,417] INFO [Broker id=1] Leader __consumer_offsets-19 with topic id Some(6UobqpBvQOilfcquVH4dPA) starts at leader epoch 2 from offset 0 with partition epoch 2, high watermark 0, ISR [1], adding replicas [] and removing replicas [] . Previous leader Some(-1) and previous leader epoch was 1. (state.change.logger)
[2026-09-08 11:49:14,417] INFO [Broker id=1] Leader orders-dlq-0 with topic id Some(z0SysKA1RiS3JG2yNXWZrA) starts at leader epoch 2 from offset 0 with partition epoch 2, high watermark 0, ISR [1], adding replicas [] and removing replicas [] . Previous leader Some(-1) and previous leader epoch was 1. (state.change.logger)
[2026-09-08 11:49:14,417] INFO [Broker id=1] Leader orders-status-retry-0 with topic id Some(1LOuiU4-RDmBnAgFTWCpYQ) starts at leader epoch 2 from offset 0 with partition epoch 2, high watermark 0, ISR [1], adding replicas [] and removing replicas [] . Previous leader Some(-1) and previous leader epoch was 1. (state.change.logger)
[2026-09-08 11:49:14,433] INFO [Broker id=1] Leader __consumer_offsets-32 with topic id Some(6UobqpBvQOilfcquVH4dPA) starts at leader epoch 2 from offset 0 with partition epoch 2, high watermark 0, ISR [1], adding replicas [] and removing replicas [] . Previous leader Some(-1) and previous leader epoch was 1. (state.change.logger)
[2026-09-08 11:49:14,433] INFO [Broker id=1] Leader orders-status-dlq-0 with topic id Some(xoMwgjuxTjWHh98gZ7x87g) starts at leader epoch 2 from offset 0 with partition epoch 2, high watermark 0, ISR [1], adding replicas [] and removing replicas [] . Previous leader Some(-1) and previous leader epoch was 1. (state.change.logger)
[2026-09-08 11:49:14,442] INFO [Broker id=1] Leader __consumer_offsets-28 with topic id Some(6UobqpBvQOilfcquVH4dPA) starts at leader epoch 2 from offset 0 with partition epoch 2, high watermark 0, ISR [1], adding replicas [] and removing replicas [] . Previous leader Some(-1) and previous leader epoch was 1. (state.change.logger)
[2026-09-08 11:49:14,449] INFO [Broker id=1] Leader __consumer_offsets-7 with topic id Some(6UobqpBvQOilfcquVH4dPA) starts at leader epoch 2 from offset 0 with partition epoch 2, high watermark 0, ISR [1], adding replicas [] and removing replicas [] . Previous leader Some(-1) and previous leader epoch was 1. (state.change.logger)
[2026-09-08 11:49:14,449] INFO [Broker id=1] Leader __consumer_offsets-40 with topic id Some(6UobqpBvQOilfcquVH4dPA) starts at leader epoch 2 from offset 0 with partition epoch 2, high watermark 0, ISR [1], adding replicas [] and removing replicas [] . Previous leader Some(-1) and previous leader epoch was 1. (state.change.logger)
[2026-09-08 11:49:14,461] INFO [Broker id=1] Leader __consumer_offsets-3 with topic id Some(6UobqpBvQOilfcquVH4dPA) starts at leader epoch 2 from offset 0 with partition epoch 2, high watermark 0, ISR [1], adding replicas [] and removing replicas [] . Previous leader Some(-1) and previous leader epoch was 1. (state.change.logger)
[2026-09-08 11:49:14,461] INFO [Broker id=1] Leader __consumer_offsets-36 with topic id Some(6UobqpBvQOilfcquVH4dPA) starts at leader epoch 2 from offset 1 with partition epoch 2, high watermark 1, ISR [1], adding replicas [] and removing replicas [] . Previous leader Some(-1) and previous leader epoch was 1. (state.change.logger)
[2026-09-08 11:49:14,461] INFO [Broker id=1] Leader __consumer_offsets-47 with topic id Some(6UobqpBvQOilfcquVH4dPA) starts at leader epoch 2 from offset 0 with partition epoch 2, high watermark 0, ISR [1], adding replicas [] and removing replicas [] . Previous leader Some(-1) and previous leader epoch was 1. (state.change.logger)
[2026-09-08 11:49:14,476] INFO [Broker id=1] Leader __consumer_offsets-14 with topic id Some(6UobqpBvQOilfcquVH4dPA) starts at leader epoch 2 from offset 0 with partition epoch 2, high watermark 0, ISR [1], adding replicas [] and removing replicas [] . Previous leader Some(-1) and previous leader epoch was 1. (state.change.logger)
[2026-09-08 11:49:14,483] INFO [Broker id=1] Leader __consumer_offsets-43 with topic id Some(6UobqpBvQOilfcquVH4dPA) starts at leader epoch 2 from offset 0 with partition epoch 2, high watermark 0, ISR [1], adding replicas [] and removing replicas [] . Previous leader Some(-1) and previous leader epoch was 1. (state.change.logger)
[2026-09-08 11:49:14,487] INFO [Broker id=1] Leader __consumer_offsets-10 with topic id Some(6UobqpBvQOilfcquVH4dPA) starts at leader epoch 2 from offset 0 with partition epoch 2, high watermark 0, ISR [1], adding replicas [] and removing replicas [] . Previous leader Some(-1) and previous leader epoch was 1. (state.change.logger)
[2026-09-08 11:49:14,492] INFO [Broker id=1] Leader orders-status-events-0 with topic id Some(DlsNXtJjRH6-MGbRXDJxug) starts at leader epoch 2 from offset 0 with partition epoch 2, high watermark 0, ISR [1], adding replicas [] and removing replicas [] . Previous leader Some(-1) and previous leader epoch was 1. (state.change.logger)
[2026-09-08 11:49:14,492] INFO [Broker id=1] Leader __consumer_offsets-22 with topic id Some(6UobqpBvQOilfcquVH4dPA) starts at leader epoch 2 from offset 0 with partition epoch 2, high watermark 0, ISR [1], adding replicas [] and removing replicas [] . Previous leader Some(-1) and previous leader epoch was 1. (state.change.logger)
[2026-09-08 11:49:14,502] INFO [Broker id=1] Leader orders-dlq-1 with topic id Some(z0SysKA1RiS3JG2yNXWZrA) starts at leader epoch 2 from offset 0 with partition epoch 2, high watermark 0, ISR [1], adding replicas [] and removing replicas [] . Previous leader Some(-1) and previous leader epoch was 1. (state.change.logger)
[2026-09-08 11:49:14,504] INFO [Broker id=1] Leader __consumer_offsets-18 with topic id Some(6UobqpBvQOilfcquVH4dPA) starts at leader epoch 2 from offset 0 with partition epoch 2, high watermark 0, ISR [1], adding replicas [] and removing replicas [] . Previous leader Some(-1) and previous leader epoch was 1. (state.change.logger)
[2026-09-08 11:49:14,504] INFO [Broker id=1] Leader __consumer_offsets-31 with topic id Some(6UobqpBvQOilfcquVH4dPA) starts at leader epoch 2 from offset 0 with partition epoch 2, high watermark 0, ISR [1], adding replicas [] and removing replicas [] . Previous leader Some(-1) and previous leader epoch was 1. (state.change.logger)
[2026-09-08 11:49:14,504] INFO [Broker id=1] Leader __consumer_offsets-27 with topic id Some(6UobqpBvQOilfcquVH4dPA) starts at leader epoch 2 from offset 0 with partition epoch 2, high watermark 0, ISR [1], adding replicas [] and removing replicas [] . Previous leader Some(-1) and previous leader epoch was 1. (state.change.logger)
[2026-09-08 11:49:14,521] INFO [Broker id=1] Leader order-status-retry-0 with topic id Some(MagUeYYbTRiBHQaCfX4OaA) starts at leader epoch 2 from offset 0 with partition epoch 2, high watermark 0, ISR [1], adding replicas [] and removing replicas [] . Previous leader Some(-1) and previous leader epoch was 1. (state.change.logger)
[2026-09-08 11:49:14,521] INFO [Broker id=1] Leader __consumer_offsets-39 with topic id Some(6UobqpBvQOilfcquVH4dPA) starts at leader epoch 2 from offset 0 with partition epoch 2, high watermark 0, ISR [1], adding replicas [] and removing replicas [] . Previous leader Some(-1) and previous leader epoch was 1. (state.change.logger)
[2026-09-08 11:49:14,531] INFO [Broker id=1] Leader orders-0 with topic id Some(L_v_dTQdQ2ixr-Vvz7AlVA) starts at leader epoch 2 from offset 0 with partition epoch 2, high watermark 0, ISR [1], adding replicas [] and removing replicas [] . Previous leader Some(-1) and previous leader epoch was 1. (state.change.logger)
[2026-09-08 11:49:14,531] INFO [Broker id=1] Leader __consumer_offsets-6 with topic id Some(6UobqpBvQOilfcquVH4dPA) starts at leader epoch 2 from offset 0 with partition epoch 2, high watermark 0, ISR [1], adding replicas [] and removing replicas [] . Previous leader Some(-1) and previous leader epoch was 1. (state.change.logger)
[2026-09-08 11:49:14,542] INFO [Broker id=1] Leader __consumer_offsets-35 with topic id Some(6UobqpBvQOilfcquVH4dPA) starts at leader epoch 2 from offset 0 with partition epoch 2, high watermark 0, ISR [1], adding replicas [] and removing replicas [] . Previous leader Some(-1) and previous leader epoch was 1. (state.change.logger)
[2026-09-08 11:49:14,547] INFO [Broker id=1] Leader order-status-events-0 with topic id Some(gJdSe7KvSiSnDywcrXA2Qg) starts at leader epoch 2 from offset 0 with partition epoch 2, high watermark 0, ISR [1], adding replicas [] and removing replicas [] . Previous leader Some(-1) and previous leader epoch was 1. (state.change.logger)
[2026-09-08 11:49:14,552] INFO [Broker id=1] Leader __consumer_offsets-2 with topic id Some(6UobqpBvQOilfcquVH4dPA) starts at leader epoch 2 from offset 0 with partition epoch 2, high watermark 0, ISR [1], adding replicas [] and removing replicas [] . Previous leader Some(-1) and previous leader epoch was 1. (state.change.logger)
[2026-09-08 11:51:42,785] INFO [Broker id=1] Transitioning 1 partition(s) to local leaders. (state.change.logger)
[2026-09-08 11:51:42,786] INFO [Broker id=1] Creating new partition order-status-dlq-0 with topic id _7NEJSzmRliyKSRt7CldOQ. (state.change.logger)
[2026-09-08 11:51:42,817] INFO [Broker id=1] Leader order-status-dlq-0 with topic id Some(_7NEJSzmRliyKSRt7CldOQ) starts at leader epoch 0 from offset 0 with partition epoch 0, high watermark 0, ISR [1], adding replicas [] and removing replicas [] . Previous leader None and previous leader epoch was -1. (state.change.logger)
[2026-09-08 11:57:10,695] INFO [Broker id=1] Transitioning 71 partition(s) to local followers. (state.change.logger)
[2026-09-08 11:57:10,695] INFO [Broker id=1] Follower orders-retry-0 starts at leader epoch 3 from offset 0 with partition epoch 3 and high watermark 0. Current leader is -1. Previous leader Some(-1) and previous leader epoch was 3. (state.change.logger)
[2026-09-08 11:57:10,695] INFO [Broker id=1] Follower __consumer_offsets-13 starts at leader epoch 3 from offset 0 with partition epoch 3 and high watermark 0. Current leader is -1. Previous leader Some(-1) and previous leader epoch was 3. (state.change.logger)
[2026-09-08 11:57:10,695] INFO [Broker id=1] Follower __consumer_offsets-46 starts at leader epoch 3 from offset 0 with partition epoch 3 and high watermark 0. Current leader is -1. Previous leader Some(-1) and previous leader epoch was 3. (state.change.logger)
[2026-09-08 11:57:10,695] INFO [Broker id=1] Follower __consumer_offsets-9 starts at leader epoch 3 from offset 0 with partition epoch 3 and high watermark 0. Current leader is -1. Previous leader Some(-1) and previous leader epoch was 3. (state.change.logger)
[2026-09-08 11:57:10,695] INFO [Broker id=1] Follower __consumer_offsets-42 starts at leader epoch 3 from offset 0 with partition epoch 3 and high watermark 0. Current leader is -1. Previous leader Some(-1) and previous leader epoch was 3. (state.change.logger)
[2026-09-08 11:57:10,695] INFO [Broker id=1] Follower orders-status-events-1 starts at leader epoch 3 from offset 0 with partition epoch 3 and high watermark 0. Current leader is -1. Previous leader Some(-1) and previous leader epoch was 3. (state.change.logger)
[2026-09-08 11:57:10,695] INFO [Broker id=1] Follower __consumer_offsets-21 starts at leader epoch 3 from offset 0 with partition epoch 3 and high watermark 0. Current leader is -1. Previous leader Some(-1) and previous leader epoch was 3. (state.change.logger)
[2026-09-08 11:57:10,695] INFO [Broker id=1] Follower orders-status-retry-2 starts at leader epoch 3 from offset 0 with partition epoch 3 and high watermark 0. Current leader is -1. Previous leader Some(-1) and previous leader epoch was 3. (state.change.logger)
[2026-09-08 11:57:10,695] INFO [Broker id=1] Follower __consumer_offsets-17 starts at leader epoch 3 from offset 7 with partition epoch 3 and high watermark 7. Current leader is -1. Previous leader Some(-1) and previous leader epoch was 3. (state.change.logger)
[2026-09-08 11:57:10,695] INFO [Broker id=1] Follower orders-dlq-2 starts at leader epoch 3 from offset 0 with partition epoch 3 and high watermark 0. Current leader is -1. Previous leader Some(-1) and previous leader epoch was 3. (state.change.logger)
[2026-09-08 11:57:10,695] INFO [Broker id=1] Follower __consumer_offsets-30 starts at leader epoch 3 from offset 0 with partition epoch 3 and high watermark 0. Current leader is -1. Previous leader Some(-1) and previous leader epoch was 3. (state.change.logger)
[2026-09-08 11:57:10,695] INFO [Broker id=1] Follower orders-status-dlq-2 starts at leader epoch 3 from offset 0 with partition epoch 3 and high watermark 0. Current leader is -1. Previous leader Some(-1) and previous leader epoch was 3. (state.change.logger)
[2026-09-08 11:57:10,695] INFO [Broker id=1] Follower __consumer_offsets-26 starts at leader epoch 3 from offset 0 with partition epoch 3 and high watermark 0. Current leader is -1. Previous leader Some(-1) and previous leader epoch was 3. (state.change.logger)
[2026-09-08 11:57:10,695] INFO [Broker id=1] Follower __consumer_offsets-5 starts at leader epoch 3 from offset 0 with partition epoch 3 and high watermark 0. Current leader is -1. Previous leader Some(-1) and previous leader epoch was 3. (state.change.logger)
[2026-09-08 11:57:10,695] INFO [Broker id=1] Follower orders-1 starts at leader epoch 3 from offset 0 with partition epoch 3 and high watermark 0. Current leader is -1. Previous leader Some(-1) and previous leader epoch was 3. (state.change.logger)
[2026-09-08 11:57:10,695] INFO [Broker id=1] Follower __consumer_offsets-38 starts at leader epoch 3 from offset 0 with partition epoch 3 and high watermark 0. Current leader is -1. Previous leader Some(-1) and previous leader epoch was 3. (state.change.logger)
[2026-09-08 11:57:10,695] INFO [Broker id=1] Follower __consumer_offsets-1 starts at leader epoch 3 from offset 0 with partition epoch 3 and high watermark 0. Current leader is -1. Previous leader Some(-1) and previous leader epoch was 3. (state.change.logger)
[2026-09-08 11:57:10,695] INFO [Broker id=1] Follower __consumer_offsets-34 starts at leader epoch 3 from offset 0 with partition epoch 3 and high watermark 0. Current leader is -1. Previous leader Some(-1) and previous leader epoch was 3. (state.change.logger)
[2026-09-08 11:57:10,695] INFO [Broker id=1] Follower __consumer_offsets-16 starts at leader epoch 3 from offset 0 with partition epoch 3 and high watermark 0. Current leader is -1. Previous leader Some(-1) and previous leader epoch was 3. (state.change.logger)
[2026-09-08 11:57:10,695] INFO [Broker id=1] Follower orders-retry-1 starts at leader epoch 3 from offset 0 with partition epoch 3 and high watermark 0. Current leader is -1. Previous leader Some(-1) and previous leader epoch was 3. (state.change.logger)
[2026-09-08 11:57:10,695] INFO [Broker id=1] Follower __consumer_offsets-45 starts at leader epoch 3 from offset 0 with partition epoch 3 and high watermark 0. Current leader is -1. Previous leader Some(-1) and previous leader epoch was 3. (state.change.logger)
[2026-09-08 11:57:10,695] INFO [Broker id=1] Follower __consumer_offsets-12 starts at leader epoch 3 from offset 0 with partition epoch 3 and high watermark 0. Current leader is -1. Previous leader Some(-1) and previous leader epoch was 3. (state.change.logger)
[2026-09-08 11:57:10,695] INFO [Broker id=1] Follower __consumer_offsets-41 starts at leader epoch 3 from offset 0 with partition epoch 3 and high watermark 0. Current leader is -1. Previous leader Some(-1) and previous leader epoch was 3. (state.change.logger)
[2026-09-08 11:57:10,695] INFO [Broker id=1] Follower __consumer_offsets-24 starts at leader epoch 3 from offset 0 with partition epoch 3 and high watermark 0. Current leader is -1. Previous leader Some(-1) and previous leader epoch was 3. (state.change.logger)
[2026-09-08 11:57:10,695] INFO [Broker id=1] Follower orders-status-events-2 starts at leader epoch 3 from offset 0 with partition epoch 3 and high watermark 0. Current leader is -1. Previous leader Some(-1) and previous leader epoch was 3. (state.change.logger)
[2026-09-08 11:57:10,695] INFO [Broker id=1] Follower orders-status-retry-1 starts at leader epoch 3 from offset 0 with partition epoch 3 and high watermark 0. Current leader is -1. Previous leader Some(-1) and previous leader epoch was 3. (state.change.logger)
[2026-09-08 11:57:10,695] INFO [Broker id=1] Follower __consumer_offsets-20 starts at leader epoch 3 from offset 0 with partition epoch 3 and high watermark 0. Current leader is -1. Previous leader Some(-1) and previous leader epoch was 3. (state.change.logger)
[2026-09-08 11:57:10,695] INFO [Broker id=1] Follower __consumer_offsets-49 starts at leader epoch 3 from offset 0 with partition epoch 3 and high watermark 0. Current leader is -1. Previous leader Some(-1) and previous leader epoch was 3. (state.change.logger)
[2026-09-08 11:57:10,695] INFO [Broker id=1] Follower __consumer_offsets-0 starts at leader epoch 3 from offset 0 with partition epoch 3 and high watermark 0. Current leader is -1. Previous leader Some(-1) and previous leader epoch was 3. (state.change.logger)
[2026-09-08 11:57:10,695] INFO [Broker id=1] Follower __consumer_offsets-29 starts at leader epoch 3 from offset 0 with partition epoch 3 and high watermark 0. Current leader is -1. Previous leader Some(-1) and previous leader epoch was 3. (state.change.logger)
[2026-09-08 11:57:10,695] INFO [Broker id=1] Follower orders-status-dlq-1 starts at leader epoch 3 from offset 0 with partition epoch 3 and high watermark 0. Current leader is -1. Previous leader Some(-1) and previous leader epoch was 3. (state.change.logger)
[2026-09-08 11:57:10,695] INFO [Broker id=1] Follower __consumer_offsets-25 starts at leader epoch 3 from offset 0 with partition epoch 3 and high watermark 0. Current leader is -1. Previous leader Some(-1) and previous leader epoch was 3. (state.change.logger)
[2026-09-08 11:57:10,695] INFO [Broker id=1] Follower __consumer_offsets-8 starts at leader epoch 3 from offset 0 with partition epoch 3 and high watermark 0. Current leader is -1. Previous leader Some(-1) and previous leader epoch was 3. (state.change.logger)
[2026-09-08 11:57:10,695] INFO [Broker id=1] Follower __consumer_offsets-37 starts at leader epoch 3 from offset 0 with partition epoch 3 and high watermark 0. Current leader is -1. Previous leader Some(-1) and previous leader epoch was 3. (state.change.logger)
[2026-09-08 11:57:10,695] INFO [Broker id=1] Follower orders-2 starts at leader epoch 3 from offset 0 with partition epoch 3 and high watermark 0. Current leader is -1. Previous leader Some(-1) and previous leader epoch was 3. (state.change.logger)
[2026-09-08 11:57:10,695] INFO [Broker id=1] Follower __consumer_offsets-4 starts at leader epoch 3 from offset 0 with partition epoch 3 and high watermark 0. Current leader is -1. Previous leader Some(-1) and previous leader epoch was 3. (state.change.logger)
[2026-09-08 11:57:10,695] INFO [Broker id=1] Follower __consumer_offsets-33 starts at leader epoch 3 from offset 0 with partition epoch 3 and high watermark 0. Current leader is -1. Previous leader Some(-1) and previous leader epoch was 3. (state.change.logger)
[2026-09-08 11:57:10,695] INFO [Broker id=1] Follower orders-retry-2 starts at leader epoch 3 from offset 0 with partition epoch 3 and high watermark 0. Current leader is -1. Previous leader Some(-1) and previous leader epoch was 3. (state.change.logger)
[2026-09-08 11:57:10,695] INFO [Broker id=1] Follower __consumer_offsets-15 starts at leader epoch 3 from offset 0 with partition epoch 3 and high watermark 0. Current leader is -1. Previous leader Some(-1) and previous leader epoch was 3. (state.change.logger)
[2026-09-08 11:57:10,695] INFO [Broker id=1] Follower __consumer_offsets-48 starts at leader epoch 3 from offset 0 with partition epoch 3 and high watermark 0. Current leader is -1. Previous leader Some(-1) and previous leader epoch was 3. (state.change.logger)
[2026-09-08 11:57:10,695] INFO [Broker id=1] Follower __consumer_offsets-11 starts at leader epoch 3 from offset 0 with partition epoch 3 and high watermark 0. Current leader is -1. Previous leader Some(-1) and previous leader epoch was 3. (state.change.logger)
[2026-09-08 11:57:10,695] INFO [Broker id=1] Follower __consumer_offsets-44 starts at leader epoch 3 from offset 0 with partition epoch 3 and high watermark 0. Current leader is -1. Previous leader Some(-1) and previous leader epoch was 3. (state.change.logger)
[2026-09-08 11:57:10,695] INFO [Broker id=1] Follower __consumer_offsets-23 starts at leader epoch 3 from offset 0 with partition epoch 3 and high watermark 0. Current leader is -1. Previous leader Some(-1) and previous leader epoch was 3. (state.change.logger)
[2026-09-08 11:57:10,695] INFO [Broker id=1] Follower __consumer_offsets-19 starts at leader epoch 3 from offset 0 with partition epoch 3 and high watermark 0. Current leader is -1. Previous leader Some(-1) and previous leader epoch was 3. (state.change.logger)
[2026-09-08 11:57:10,695] INFO [Broker id=1] Follower orders-dlq-0 starts at leader epoch 3 from offset 0 with partition epoch 3 and high watermark 0. Current leader is -1. Previous leader Some(-1) and previous leader epoch was 3. (state.change.logger)
[2026-09-08 11:57:10,695] INFO [Broker id=1] Follower orders-status-retry-0 starts at leader epoch 3 from offset 0 with partition epoch 3 and high watermark 0. Current leader is -1. Previous leader Some(-1) and previous leader epoch was 3. (state.change.logger)
[2026-09-08 11:57:10,695] INFO [Broker id=1] Follower __consumer_offsets-32 starts at leader epoch 3 from offset 0 with partition epoch 3 and high watermark 0. Current leader is -1. Previous leader Some(-1) and previous leader epoch was 3. (state.change.logger)
[2026-09-08 11:57:10,695] INFO [Broker id=1] Follower orders-status-dlq-0 starts at leader epoch 3 from offset 0 with partition epoch 3 and high watermark 0. Current leader is -1. Previous leader Some(-1) and previous leader epoch was 3. (state.change.logger)
[2026-09-08 11:57:10,695] INFO [Broker id=1] Follower __consumer_offsets-28 starts at leader epoch 3 from offset 0 with partition epoch 3 and high watermark 0. Current leader is -1. Previous leader Some(-1) and previous leader epoch was 3. (state.change.logger)
[2026-09-08 11:57:10,695] INFO [Broker id=1] Follower __consumer_offsets-7 starts at leader epoch 3 from offset 0 with partition epoch 3 and high watermark 0. Current leader is -1. Previous leader Some(-1) and previous leader epoch was 3. (state.change.logger)
[2026-09-08 11:57:10,695] INFO [Broker id=1] Follower __consumer_offsets-40 starts at leader epoch 3 from offset 0 with partition epoch 3 and high watermark 0. Current leader is -1. Previous leader Some(-1) and previous leader epoch was 3. (state.change.logger)
[2026-09-08 11:57:10,695] INFO [Broker id=1] Follower __consumer_offsets-3 starts at leader epoch 3 from offset 0 with partition epoch 3 and high watermark 0. Current leader is -1. Previous leader Some(-1) and previous leader epoch was 3. (state.change.logger)
[2026-09-08 11:57:10,695] INFO [Broker id=1] Follower __consumer_offsets-36 starts at leader epoch 3 from offset 1 with partition epoch 3 and high watermark 1. Current leader is -1. Previous leader Some(-1) and previous leader epoch was 3. (state.change.logger)
[2026-09-08 11:57:10,695] INFO [Broker id=1] Follower __consumer_offsets-47 starts at leader epoch 3 from offset 0 with partition epoch 3 and high watermark 0. Current leader is -1. Previous leader Some(-1) and previous leader epoch was 3. (state.change.logger)
[2026-09-08 11:57:10,695] INFO [Broker id=1] Follower order-status-dlq-0 starts at leader epoch 1 from offset 1 with partition epoch 1 and high watermark 1. Current leader is -1. Previous leader Some(-1) and previous leader epoch was 1. (state.change.logger)
[2026-09-08 11:57:10,695] INFO [Broker id=1] Follower __consumer_offsets-14 starts at leader epoch 3 from offset 0 with partition epoch 3 and high watermark 0. Current leader is -1. Previous leader Some(-1) and previous leader epoch was 3. (state.change.logger)
[2026-09-08 11:57:10,695] INFO [Broker id=1] Follower __consumer_offsets-43 starts at leader epoch 3 from offset 0 with partition epoch 3 and high watermark 0. Current leader is -1. Previous leader Some(-1) and previous leader epoch was 3. (state.change.logger)
[2026-09-08 11:57:10,695] INFO [Broker id=1] Follower __consumer_offsets-10 starts at leader epoch 3 from offset 0 with partition epoch 3 and high watermark 0. Current leader is -1. Previous leader Some(-1) and previous leader epoch was 3. (state.change.logger)
[2026-09-08 11:57:10,695] INFO [Broker id=1] Follower orders-status-events-0 starts at leader epoch 3 from offset 0 with partition epoch 3 and high watermark 0. Current leader is -1. Previous leader Some(-1) and previous leader epoch was 3. (state.change.logger)
[2026-09-08 11:57:10,695] INFO [Broker id=1] Follower __consumer_offsets-22 starts at leader epoch 3 from offset 0 with partition epoch 3 and high watermark 0. Current leader is -1. Previous leader Some(-1) and previous leader epoch was 3. (state.change.logger)
[2026-09-08 11:57:10,695] INFO [Broker id=1] Follower orders-dlq-1 starts at leader epoch 3 from offset 0 with partition epoch 3 and high watermark 0. Current leader is -1. Previous leader Some(-1) and previous leader epoch was 3. (state.change.logger)
[2026-09-08 11:57:10,695] INFO [Broker id=1] Follower __consumer_offsets-18 starts at leader epoch 3 from offset 0 with partition epoch 3 and high watermark 0. Current leader is -1. Previous leader Some(-1) and previous leader epoch was 3. (state.change.logger)
[2026-09-08 11:57:10,695] INFO [Broker id=1] Follower __consumer_offsets-31 starts at leader epoch 3 from offset 0 with partition epoch 3 and high watermark 0. Current leader is -1. Previous leader Some(-1) and previous leader epoch was 3. (state.change.logger)
[2026-09-08 11:57:10,695] INFO [Broker id=1] Follower __consumer_offsets-27 starts at leader epoch 3 from offset 2 with partition epoch 3 and high watermark 2. Current leader is -1. Previous leader Some(-1) and previous leader epoch was 3. (state.change.logger)
[2026-09-08 11:57:10,695] INFO [Broker id=1] Follower order-status-retry-0 starts at leader epoch 3 from offset 1 with partition epoch 3 and high watermark 1. Current leader is -1. Previous leader Some(-1) and previous leader epoch was 3. (state.change.logger)
[2026-09-08 11:57:10,695] INFO [Broker id=1] Follower __consumer_offsets-39 starts at leader epoch 3 from offset 0 with partition epoch 3 and high watermark 0. Current leader is -1. Previous leader Some(-1) and previous leader epoch was 3. (state.change.logger)
[2026-09-08 11:57:10,695] INFO [Broker id=1] Follower orders-0 starts at leader epoch 3 from offset 0 with partition epoch 3 and high watermark 0. Current leader is -1. Previous leader Some(-1) and previous leader epoch was 3. (state.change.logger)
[2026-09-08 11:57:10,695] INFO [Broker id=1] Follower __consumer_offsets-6 starts at leader epoch 3 from offset 0 with partition epoch 3 and high watermark 0. Current leader is -1. Previous leader Some(-1) and previous leader epoch was 3. (state.change.logger)
[2026-09-08 11:57:10,695] INFO [Broker id=1] Follower __consumer_offsets-35 starts at leader epoch 3 from offset 0 with partition epoch 3 and high watermark 0. Current leader is -1. Previous leader Some(-1) and previous leader epoch was 3. (state.change.logger)
[2026-09-08 11:57:10,695] INFO [Broker id=1] Follower order-status-events-0 starts at leader epoch 3 from offset 1 with partition epoch 3 and high watermark 1. Current leader is -1. Previous leader Some(-1) and previous leader epoch was 3. (state.change.logger)
[2026-09-08 11:57:10,695] INFO [Broker id=1] Follower __consumer_offsets-2 starts at leader epoch 3 from offset 0 with partition epoch 3 and high watermark 0. Current leader is -1. Previous leader Some(-1) and previous leader epoch was 3. (state.change.logger)
[2026-09-08 11:57:10,754] INFO [Broker id=1] Stopped fetchers as part of controlled shutdown for 71 partitions (state.change.logger)
